date_week,institution,userId_unq,Fever,Sore throat,Cough,Shortness of breath,Runny nose,Limb muscle pain,Loss of taste,Positive results,FOPH,Frequency of positives,tested_sars_cov_2_n_true
2020-08-03,Blutspende SRK Ostschweiz,22,,,,,,,,0,,0,0
2020-08-03,Clienia Littenheid AG,129,0.006329113924050633,0.05063291139240506,0.012658227848101266,0,0.03164556962025317,0.03164556962025317,0,0,0.05063291139240506,0,4
2020-08-03,Geriatrische Klinik St. Gallen,77,0,0.022222222222222223,0.011111111111111112,0,0,0,0,0,0.022222222222222223,0,2
2020-08-03,Hirslanden Zürich,243,0.006968641114982578,0.04878048780487805,0.05226480836236934,0.010452961672473868,0.04529616724738676,0.03484320557491289,0.003484320557491289,0,0.06968641114982578,0,9
2020-08-03,Kantonsspital Baden,671,0.002751031636863824,0.044016506189821183,0.022008253094910592,0.0041265474552957355,0.03576341127922971,0.01925722145804677,0,0.001375515818431912,0.052269601100412656,1,28
2020-08-03,Klinik im Park,51,0,0.05,0.016666666666666666,0,0.05,0.016666666666666666,0,0,0.05,0,1
2020-08-03,Klinik St. Priminsberg,91,0,0.032,0.016,0.008,0.024,0,0,0,0.032,0,1
2020-08-03,Klinik Stephanshorn,68,0,0,0,0,0.012345679012345678,0.012345679012345678,0,0,0,0,1
2020-08-03,KSSG Flawil,67,0.012658227848101266,0.08860759493670886,0.0379746835443038,0,0.11392405063291139,0.0379746835443038,0.012658227848101266,0,0.11392405063291139,0,4
2020-08-03,KSSG Rorschach,73,0,0,0,0,0.0125,0,0,0,0,0,1
2020-08-03,KSSG St. Gallen,627,0.001282051282051282,0.028205128205128206,0.023076923076923078,0.005128205128205128,0.03333333333333333,0.014102564102564103,0.0038461538461538464,0,0.04358974358974359,0,17
2020-08-03,Ostschweizer Kinderspital,1,,,,,,,,0,,0,0
2020-08-03,Psychiatrie St. Gallen Nord,70,0,0.044444444444444446,0.022222222222222223,0.011111111111111112,0.011111111111111112,0,0,0,0.044444444444444446,0,2
2020-08-03,Psychiatrie-Zentrum Linthgebiet,20,0,0.037037037037037035,0.037037037037037035,0.037037037037037035,0.037037037037037035,0.037037037037037035,0,0,0.07407407407407407,0,1
2020-08-03,Psychiatrie-Zentrum Rheintal,21,,,,,,,,0,,0,0
2020-08-03,Psychiatrie-Zentrum Werdenberg Sarganserland,32,,0.025,0,0,0,0,0,0,0.025,0,0
2020-08-03,Rehaklinik Zihlschlacht,121,0,0.036231884057971016,0.014492753623188406,0.007246376811594203,0.028985507246376812,0.007246376811594203,0.007246376811594203,0,0.036231884057971016,0,4
2020-08-03,SRFT Wattwil,40,0,0.0392156862745098,0.0392156862745098,0,0.058823529411764705,0.0196078431372549,0,0,0.0784313725490196,0,1
2020-08-03,SRFT Wil,84,0.00980392156862745,0.049019607843137254,0.0392156862745098,0,0.049019607843137254,0.0196078431372549,0.00980392156862745,0,0.0784313725490196,0,5
2020-08-03,SRRWS Altstätten,68,0.012048192771084338,0.024096385542168676,0.024096385542168676,0,0.024096385542168676,0.024096385542168676,0,0,0.024096385542168676,0,0
2020-08-03,SRRWS Grabs,229,0,0.040145985401459854,0.01824817518248175,0,0.029197080291970802,0.021897810218978103,0.010948905109489052,0,0.051094890510948905,0,10
2020-08-03,SRRWS Walenstadt,69,0.011904761904761904,0.023809523809523808,0.05952380952380952,0.023809523809523808,0.05952380952380952,0.023809523809523808,0.023809523809523808,0,0.07142857142857142,0,2
2020-08-03,STGAG Frauenfeld,134,0.011904761904761904,0.03571428571428571,0.03571428571428571,0.005952380952380952,0.047619047619047616,0.047619047619047616,0.005952380952380952,0,0.05952380952380952,0,5
2020-08-03,STGAG Münsterlingen,135,0,0.024096385542168676,0.030120481927710843,0,0.024096385542168676,0.006024096385542169,0.018072289156626505,0.006024096385542169,0.04216867469879518,1,5
2020-08-10,Blutspende SRK Ostschweiz,20,,,,,,,,0,,0,0
2020-08-10,Clienia Littenheid AG,116,0,0.027972027972027972,0.013986013986013986,0,0.027972027972027972,0.02097902097902098,0,0,0.027972027972027972,0,2
2020-08-10,Geriatrische Klinik St. Gallen,65,0,0.05063291139240506,0,0,0,0.012658227848101266,0,0,0.05063291139240506,0,3
2020-08-10,Hirslanden Zürich,251,0.0031847133757961785,0.03821656050955414,0.022292993630573247,0,0.028662420382165606,0.012738853503184714,0.006369426751592357,0,0.050955414012738856,0,7
2020-08-10,Kantonsspital Baden,605,0.002902757619738752,0.02177068214804064,0.015965166908563134,0.001451378809869376,0.02177068214804064,0.00725689404934688,0.0043541364296081275,0,0.02467343976777939,0,12
2020-08-10,Klinik im Park,53,,0.031746031746031744,0.015873015873015872,0,0.031746031746031744,0.031746031746031744,0,0,0.031746031746031744,0,1
2020-08-10,Klinik St. Priminsberg,71,0,0.02247191011235955,0.02247191011235955,0,0.033707865168539325,0.02247191011235955,0,0,0.033707865168539325,0,1
2020-08-10,Klinik Stephanshorn,56,0,0.013888888888888888,0,0,0.013888888888888888,0.027777777777777776,0.013888888888888888,0,0.027777777777777776,0,1
2020-08-10,KSSG Flawil,66,0,0.0375,0,0,0.025,0,0,0,0.0375,0,1
2020-08-10,KSSG Rorschach,70,0,0.011627906976744186,0.011627906976744186,0,0.023255813953488372,0,0,0,0.011627906976744186,0,0
2020-08-10,KSSG St. Gallen,555,0.0014771048744460858,0.022156573116691284,0.022156573116691284,0.005908419497784343,0.023633677991137372,0.0103397341211226,0.0029542097488921715,0,0.03249630723781388,0,6
2020-08-10,Ostschweizer Kinderspital,1,,,,,,,,0,,0,0
2020-08-10,Psychiatrie St. Gallen Nord,67,0.012658227848101266,0.02531645569620253,0.06329113924050633,0.012658227848101266,0.05063291139240506,0.06329113924050633,0.012658227848101266,0,0.06329113924050633,0,1
2020-08-10,Psychiatrie-Zentrum Linthgebiet,15,0,0.08695652173913043,0,0,0,0,0,0,0.08695652173913043,0,2
2020-08-10,Psychiatrie-Zentrum Rheintal,22,,0,0.037037037037037035,0,0.037037037037037035,0,0,0,0.037037037037037035,0,1
2020-08-10,Psychiatrie-Zentrum Werdenberg Sarganserland,24,,,,,,,,0,,0,0
2020-08-10,Rehaklinik Zihlschlacht,97,0.008620689655172414,0.04310344827586207,0.008620689655172414,0.008620689655172414,0.034482758620689655,0.008620689655172414,0.02586206896551724,0.017241379310344827,0.04310344827586207,2,3
2020-08-10,SRFT Wattwil,35,0,0.047619047619047616,0,0,0.047619047619047616,0.047619047619047616,0,0,0.047619047619047616,0,1
2020-08-10,SRFT Wil,71,0.024096385542168676,0.03614457831325301,0.024096385542168676,0.012048192771084338,0.024096385542168676,0.024096385542168676,0,0,0.03614457831325301,0,1
2020-08-10,SRRWS Altstätten,61,0,0.041666666666666664,0.027777777777777776,0,0.027777777777777776,0,0,0,0.041666666666666664,0,3
2020-08-10,SRRWS Grabs,209,0.003968253968253968,0.027777777777777776,0.003968253968253968,0,0.011904761904761904,0.015873015873015872,0,0,0.03571428571428571,0,1
2020-08-10,SRRWS Walenstadt,65,0.011235955056179775,0.02247191011235955,0.011235955056179775,0,0.02247191011235955,0,0.011235955056179775,0,0.02247191011235955,0,0
2020-08-10,STGAG Frauenfeld,112,0.006944444444444444,0,0.013888888888888888,0,0.020833333333333332,0.006944444444444444,0,0,0.020833333333333332,0,1
2020-08-10,STGAG Münsterlingen,116,0,0.02127659574468085,0.03546099290780142,0,0.028368794326241134,0,0,0,0.04964539007092199,0,3
2020-08-17,Blutspende SRK Ostschweiz,17,,,,,,,,0,,0,0
2020-08-17,Clienia Littenheid AG,73,0,0.0379746835443038,0.02531645569620253,0,0.0379746835443038,0.012658227848101266,0.012658227848101266,0,0.0379746835443038,0,2
2020-08-17,Geriatrische Klinik St. Gallen,60,0,0.028985507246376812,0,0,0,0.014492753623188406,0,0,0.028985507246376812,0,1
2020-08-17,Hirslanden Zürich,91,0,0.018867924528301886,0.018867924528301886,0,0.02830188679245283,0.009433962264150943,0.009433962264150943,0,0.03773584905660377,0,3
2020-08-17,Kantonsspital Baden,588,0.0014705882352941176,0.023529411764705882,0.011764705882352941,0.0029411764705882353,0.022058823529411766,0.010294117647058823,0.0014705882352941176,0,0.027941176470588237,0,11
2020-08-17,Klinik im Park,19,,,,,,,,0,,0,0
2020-08-17,Klinik St. Priminsberg,76,0,0.022222222222222223,0.03333333333333333,0.011111111111111112,0.03333333333333333,0.022222222222222223,0.011111111111111112,0,0.03333333333333333,0,1
2020-08-17,Klinik Stephanshorn,34,,0.024390243902439025,0,0,0.024390243902439025,0,0,0,0.024390243902439025,0,0
2020-08-17,KSSG Flawil,59,0,0.045454545454545456,0.015151515151515152,0,0.015151515151515152,0,0,0,0.045454545454545456,0,1
2020-08-17,KSSG Rorschach,61,0,0.028985507246376812,0,0,0.014492753623188406,0,0,0,0.028985507246376812,0,0
2020-08-17,KSSG St. Gallen,539,0.0049504950495049506,0.034653465346534656,0.02145214521452145,0.0016501650165016502,0.024752475247524754,0.009900990099009901,0.0033003300330033004,0,0.04455445544554455,0,6
2020-08-17,Psychiatrie St. Gallen Nord,64,0,0.014285714285714285,0.014285714285714285,0,0.014285714285714285,0.02857142857142857,0.014285714285714285,0,0.02857142857142857,0,2
2020-08-17,Psychiatrie-Zentrum Linthgebiet,16,,0.058823529411764705,0,0,0.058823529411764705,0,0,0,0.058823529411764705,0,0
2020-08-17,Psychiatrie-Zentrum Rheintal,20,0,0.041666666666666664,0,0,0.041666666666666664,0,0,0,0.041666666666666664,0,0
2020-08-17,Psychiatrie-Zentrum Werdenberg Sarganserland,24,0,0,0.03333333333333333,0,0.03333333333333333,0,0,0,0.03333333333333333,0,0
2020-08-17,Rehaklinik Zihlschlacht,87,,0.01098901098901099,0,0,0.01098901098901099,0,0,0,0.01098901098901099,0,0
2020-08-17,SRFT Wattwil,37,0,0,0.024390243902439025,0,0.024390243902439025,0,0,0,0.024390243902439025,0,0
2020-08-17,SRFT Wil,64,0,0.014084507042253521,0.014084507042253521,0,0.014084507042253521,0,0,0,0.014084507042253521,0,1
2020-08-17,SRRWS Altstätten,55,0,0.017241379310344827,0,0,0.034482758620689655,0,0,0,0.017241379310344827,0,0
2020-08-17,SRRWS Grabs,192,0,0.018433179723502304,0.013824884792626729,0.004608294930875576,0.009216589861751152,0.009216589861751152,0,0,0.02304147465437788,0,1
2020-08-17,SRRWS Walenstadt,60,0,0.05555555555555555,0.013888888888888888,0,0.041666666666666664,0.013888888888888888,0,0,0.05555555555555555,0,1
2020-08-17,STGAG Frauenfeld,94,,,,,,,,0,,0,0
2020-08-17,STGAG Münsterlingen,113,0,0.028985507246376812,0.021739130434782608,0,0.043478260869565216,0,0,0,0.036231884057971016,0,5
2020-08-24,Blutspende SRK Ostschweiz,18,,0.05,0.05,0,0.05,0.05,0,0,0.05,0,0
2020-08-24,Clienia Littenheid AG,113,0,0.024390243902439025,0.016260162601626018,0,0.032520325203252036,0.024390243902439025,0,0,0.04065040650406504,0,0
2020-08-24,Geriatrische Klinik St. Gallen,67,,0.013513513513513514,0.013513513513513514,,0.013513513513513514,0.013513513513513514,0,0,0.013513513513513514,0,3
2020-08-24,Hirslanden Zürich,90,0,0.0196078431372549,0.00980392156862745,0,0.049019607843137254,0.0392156862745098,0,0,0.029411764705882353,0,3
2020-08-24,Kantonsspital Baden,584,0,0.01892744479495268,0.011041009463722398,0.0015772870662460567,0.02365930599369085,0.00946372239747634,0.0015772870662460567,0.0015772870662460567,0.026813880126182965,1,7
2020-08-24,Klinik im Park,17,0.16666666666666666,0.1111111111111111,0.2222222222222222,0,0.1111111111111111,0.16666666666666666,0,0,0.2222222222222222,0,0
2020-08-24,Klinik St. Priminsberg,76,0,0.024691358024691357,0.037037037037037035,0,0.024691358024691357,0,0,0,0.06172839506172839,0,0
2020-08-24,Klinik Stephanshorn,30,0,0.08333333333333333,0.027777777777777776,0,0.027777777777777776,0,0.027777777777777776,0,0.08333333333333333,0,0
2020-08-24,KSSG Flawil,65,0,0.02666666666666667,0.013333333333333334,0,0,0,0,0,0.02666666666666667,0,0
2020-08-24,KSSG Rorschach,64,0.012987012987012988,0,0.012987012987012988,0,0.025974025974025976,0,0,0,0.025974025974025976,0,1
2020-08-24,KSSG St. Gallen,565,0.0032520325203252032,0.03902439024390244,0.02113821138211382,0,0.04065040650406504,0.013008130081300813,0.004878048780487805,0,0.04878048780487805,0,9
2020-08-24,Ostschweizer Kinderspital,3,,,,,,,,0,,0,0
2020-08-24,Psychiatrie St. Gallen Nord,73,0,0.0641025641025641,0.02564102564102564,0,0.02564102564102564,0.05128205128205128,0.01282051282051282,0,0.0641025641025641,0,3
2020-08-24,Psychiatrie-Zentrum Linthgebiet,20,0,0.05,0.05,0,0.05,0,0,0,0.05,0,1
2020-08-24,Psychiatrie-Zentrum Rheintal,18,,0.05,0.1,0.05,0.05,0,0.05,0,0.1,0,1
2020-08-24,Psychiatrie-Zentrum Werdenberg Sarganserland,24,,,,,,,,0,,0,0
2020-08-24,Rehaklinik Zihlschlacht,92,0,0.021505376344086023,0.010752688172043012,0,0.010752688172043012,0,0,0,0.03225806451612903,0,1
2020-08-24,SRFT Wattwil,32,,,,,,,,0,,0,0
2020-08-24,SRFT Wil,66,0,0.057971014492753624,0.028985507246376812,0,0.014492753623188406,0.014492753623188406,0,0,0.057971014492753624,0,2
2020-08-24,SRRWS Altstätten,60,0,0.05970149253731343,0,0,0.029850746268656716,0.014925373134328358,0.014925373134328358,0,0.05970149253731343,0,0
2020-08-24,SRRWS Grabs,210,0,0.01702127659574468,0.01276595744680851,0,0.01702127659574468,0,0,0,0.02553191489361702,0,4
2020-08-24,SRRWS Walenstadt,69,0,0.047058823529411764,0.011764705882352941,0,0.047058823529411764,0.011764705882352941,0,0,0.047058823529411764,0,3
2020-08-24,STGAG Frauenfeld,108,0.025210084033613446,0.025210084033613446,0.01680672268907563,0,0.025210084033613446,0.008403361344537815,0,0.008403361344537815,0.04201680672268908,1,4
2020-08-24,STGAG Münsterlingen,102,0.01818181818181818,0.03636363636363636,0.03636363636363636,0,0.01818181818181818,0.01818181818181818,0.00909090909090909,0,0.06363636363636363,0,3
2020-08-31,Blutspende SRK Ostschweiz,21,,0.043478260869565216,0.043478260869565216,0,0.043478260869565216,0,0.043478260869565216,0,0.043478260869565216,0,1
2020-08-31,Clienia Littenheid AG,108,0,0.05217391304347826,0.017391304347826087,0,0.043478260869565216,0.06956521739130435,0,0,0.06086956521739131,0,3
2020-08-31,Geriatrische Klinik St. Gallen,75,0,0.024390243902439025,0.036585365853658534,0,0.06097560975609756,0.04878048780487805,0.012195121951219513,0.012195121951219513,0.04878048780487805,1,3
2020-08-31,Hirslanden Zürich,206,0.00909090909090909,0.04090909090909091,0.04090909090909091,0.013636363636363636,0.045454545454545456,0.031818181818181815,0.004545454545454545,0,0.06363636363636363,0,8
2020-08-31,Kantonsspital Baden,594,0,0.030395136778115502,0.02127659574468085,0.00303951367781155,0.04559270516717325,0.015197568389057751,0.010638297872340425,0.001519756838905775,0.04559270516717325,1,18
2020-08-31,Klinik im Park,34,0,0.08333333333333333,0.05555555555555555,0,0.027777777777777776,0,0,0.027777777777777776,0.1111111111111111,1,2
2020-08-31,Klinik St. Priminsberg,78,0,0.023255813953488372,0.023255813953488372,0.011627906976744186,0.023255813953488372,0,0.011627906976744186,0,0.03488372093023256,0,1
2020-08-31,Klinik Stephanshorn,92,0,0.02830188679245283,0.02830188679245283,0.009433962264150943,0.04716981132075472,0.009433962264150943,0.009433962264150943,0,0.03773584905660377,0,2
2020-08-31,KSSG Flawil,64,0.014492753623188406,0.043478260869565216,0,0.014492753623188406,0.014492753623188406,0.014492753623188406,0,0,0.043478260869565216,0,1
2020-08-31,KSSG Rorschach,60,0.01639344262295082,0.03278688524590164,0.01639344262295082,0,0.01639344262295082,0.01639344262295082,0.01639344262295082,0,0.03278688524590164,0,1
2020-08-31,KSSG St. Gallen,545,0.010221465076660987,0.04599659284497445,0.022146507666098807,0.0034071550255536627,0.04599659284497445,0.0068143100511073255,0.0017035775127768314,0,0.06303236797274275,0,5
2020-08-31,Ostschweizer Kinderspital,7,0.125,0.125,0.25,0,0.25,0.25,0,0,0.375,0,3
2020-08-31,Psychiatrie St. Gallen Nord,67,0,0.04285714285714286,0,0,0.02857142857142857,0.02857142857142857,0.014285714285714285,0,0.05714285714285714,0,2
2020-08-31,Psychiatrie-Zentrum Linthgebiet,21,0.043478260869565216,0,0,0,0.043478260869565216,0.043478260869565216,0,0,0.043478260869565216,0,0
2020-08-31,Psychiatrie-Zentrum Rheintal,20,,0,0,0,0,0,0,0,,0,0
2020-08-31,Psychiatrie-Zentrum Werdenberg Sarganserland,29,0,0.02857142857142857,0,0,0.05714285714285714,0,0,0,0.02857142857142857,0,1
2020-08-31,Rehaklinik Zihlschlacht,92,0,0.03125,0.020833333333333332,0,0.041666666666666664,0.020833333333333332,0.010416666666666666,0,0.041666666666666664,0,4
2020-08-31,SRFT Wattwil,38,0.047619047619047616,0.07142857142857142,0.047619047619047616,0,0.07142857142857142,0.023809523809523808,0,0,0.09523809523809523,0,2
2020-08-31,SRFT Wil,71,0,0.025,0.0125,0,0.0375,0.025,0,0,0.0375,0,1
2020-08-31,SRRWS Altstätten,60,0,0.028985507246376812,0.014492753623188406,0,0.028985507246376812,0.07246376811594203,0,0,0.028985507246376812,0,0
2020-08-31,SRRWS Grabs,202,0.004484304932735426,0.026905829596412557,0.008968609865470852,0,0.04484304932735426,0.013452914798206279,0,0,0.04035874439461883,0,2
2020-08-31,SRRWS Walenstadt,66,,0.014084507042253521,0,0,0.014084507042253521,0,0,0,0.014084507042253521,0,1
2020-08-31,STGAG Frauenfeld,115,0,0.015267175572519083,0.022900763358778626,0,0.015267175572519083,0,0,0,0.022900763358778626,0,1
2020-08-31,STGAG Münsterlingen,107,0,0.016666666666666666,0.05,0,0.03333333333333333,0.016666666666666666,0,0,0.058333333333333334,0,3
2020-09-07,Blutspende SRK Ostschweiz,21,0,0.09090909090909091,0,0,0.09090909090909091,0,0,0,0.09090909090909091,0,0
2020-09-07,Clienia Littenheid AG,102,0,0.046296296296296294,0.027777777777777776,0,0.06481481481481481,0.009259259259259259,0.009259259259259259,0,0.046296296296296294,0,5
2020-09-07,Geriatrische Klinik St. Gallen,72,0,0.02564102564102564,0.01282051282051282,0,0.05128205128205128,0.02564102564102564,0.01282051282051282,0,0.02564102564102564,0,2
2020-09-07,Hirslanden Zürich,211,0.004484304932735426,0.04484304932735426,0.03139013452914798,0.008968609865470852,0.04035874439461883,0.03139013452914798,0,0,0.053811659192825115,0,5
2020-09-07,Kantonsspital Baden,598,0.003067484662576687,0.0352760736196319,0.03067484662576687,0.004601226993865031,0.046012269938650305,0.02147239263803681,0.004601226993865031,0.003067484662576687,0.05214723926380368,2,22
2020-09-07,Klinik im Park,28,,0.0625,0,0,0.0625,0,0,0,0.0625,0,0
2020-09-07,Klinik St. Priminsberg,82,0,0.022727272727272728,0,0.011363636363636364,0.022727272727272728,0,0,0,0.03409090909090909,0,1
2020-09-07,Klinik Stephanshorn,69,0,0.05194805194805195,0.025974025974025976,0,0.06493506493506493,0,0,0,0.06493506493506493,0,3
2020-09-07,KSSG Flawil,61,0.015625,0.09375,0.03125,0,0.0625,0.015625,0.03125,0,0.09375,0,3
2020-09-07,KSSG Rorschach,65,0,0.03896103896103896,0.012987012987012988,0,0.012987012987012988,0,0,0,0.03896103896103896,0,2
2020-09-07,KSSG St. Gallen,557,0.0049504950495049506,0.033003300330033,0.024752475247524754,0,0.04455445544554455,0.009900990099009901,0.0016501650165016502,0,0.04950495049504951,0,13
2020-09-07,Ostschweizer Kinderspital,8,,,,,,,,0,,0,0
2020-09-07,Psychiatrie St. Gallen Nord,63,0,0.10144927536231885,0.057971014492753624,0,0.08695652173913043,0.028985507246376812,0.043478260869565216,0,0.10144927536231885,0,1
2020-09-07,Psychiatrie-Zentrum Linthgebiet,21,0.041666666666666664,0.125,0.08333333333333333,0.041666666666666664,0.041666666666666664,0.08333333333333333,0.041666666666666664,0,0.125,0,1
2020-09-07,Psychiatrie-Zentrum Rheintal,21,0,0.041666666666666664,0,0,0.041666666666666664,0,0,0,0.041666666666666664,0,0
2020-09-07,Psychiatrie-Zentrum Werdenberg Sarganserland,29,0,0.030303030303030304,0,0,0.030303030303030304,0,0,0,0.030303030303030304,0,0
2020-09-07,Rehaklinik Zihlschlacht,87,0,0.050505050505050504,0,0,0.030303030303030304,0.010101010101010102,0.010101010101010102,0,0.050505050505050504,0,1
2020-09-07,SRFT Wattwil,36,0,0.06976744186046512,0.023255813953488372,0,0.06976744186046512,0,0,0,0.06976744186046512,0,1
2020-09-07,SRFT Wil,65,0,0.02702702702702703,0.013513513513513514,0,0.02702702702702703,0.02702702702702703,0,0,0.04054054054054054,0,1
2020-09-07,SRRWS Altstätten,57,0,0,0,0,0.04838709677419355,0.016129032258064516,0,0,0,0,0
2020-09-07,SRRWS Grabs,201,0,0.045871559633027525,0.027522935779816515,0,0.03669724770642202,0.013761467889908258,0,0,0.05045871559633028,0,2
2020-09-07,SRRWS Walenstadt,64,0,0.014925373134328358,0.014925373134328358,0,0.029850746268656716,0.014925373134328358,0,0,0.014925373134328358,0,1
2020-09-07,STGAG Frauenfeld,107,0.008403361344537815,0.05042016806722689,0.025210084033613446,0,0.01680672268907563,0.01680672268907563,0,0,0.058823529411764705,0,1
2020-09-07,STGAG Münsterlingen,107,0,0.045454545454545456,0.06060606060606061,0.015151515151515152,0.06818181818181818,0.03787878787878788,0.007575757575757576,0,0.07575757575757576,0,4
2020-09-14,Blutspende SRK Ostschweiz,20,,0.09523809523809523,0,0,0.09523809523809523,0.047619047619047616,0,0,0.09523809523809523,0,0
2020-09-14,Clienia Littenheid AG,110,0,0.03278688524590164,0.03278688524590164,0,0.03278688524590164,0.02459016393442623,0,0,0.040983606557377046,0,2
2020-09-14,Geriatrische Klinik St. Gallen,60,0,0,0.015873015873015872,0,0.031746031746031744,0,0,0,0.015873015873015872,0,0
2020-09-14,Hirslanden Zürich,217,0.004273504273504274,0.05982905982905983,0.06837606837606838,0.008547008547008548,0.05982905982905983,0.03418803418803419,0.004273504273504274,0.004273504273504274,0.0811965811965812,1,7
2020-09-14,Kantonsspital Baden,560,0.0015923566878980893,0.042993630573248405,0.030254777070063694,0.006369426751592357,0.04936305732484077,0.012738853503184714,0,0,0.0589171974522293,0,20
2020-09-14,Klinik im Park,34,,0.02631578947368421,0.02631578947368421,0,0.02631578947368421,0,0,0,0.02631578947368421,0,1
2020-09-14,Klinik St. Priminsberg,80,0,0.05813953488372093,0.011627906976744186,0,0.03488372093023256,0,0,0,0.05813953488372093,0,0
2020-09-14,Klinik Stephanshorn,59,0.016666666666666666,0.03333333333333333,0.03333333333333333,0,0.03333333333333333,0,0,0,0.05,0,0
2020-09-14,KSSG Flawil,60,0,0.03076923076923077,0.03076923076923077,0,0.015384615384615385,0.015384615384615385,0,0,0.03076923076923077,0,1
2020-09-14,KSSG Rorschach,61,0,0.02857142857142857,0.014285714285714285,0,0.02857142857142857,0.014285714285714285,0,0,0.02857142857142857,0,1
2020-09-14,KSSG St. Gallen,552,0.0016666666666666668,0.03833333333333333,0.03,0.006666666666666667,0.04666666666666667,0.011666666666666667,0.005,0,0.055,0,11
2020-09-14,Ostschweizer Kinderspital,2,,,,,,,,0,,0,0
2020-09-14,Psychiatrie St. Gallen Nord,59,0,0.06153846153846154,0.046153846153846156,0.03076923076923077,0.09230769230769231,0.03076923076923077,0.03076923076923077,0,0.07692307692307693,0,2
2020-09-14,Psychiatrie-Zentrum Linthgebiet,21,0,0.09523809523809523,0.09523809523809523,0.047619047619047616,0.09523809523809523,0.047619047619047616,0.047619047619047616,0,0.09523809523809523,0,2
2020-09-14,Psychiatrie-Zentrum Rheintal,22,0,0,0,0,0.045454545454545456,0,0,0,0,0,0
2020-09-14,Psychiatrie-Zentrum Werdenberg Sarganserland,29,,,,,,,,0,,0,0
2020-09-14,Rehaklinik Zihlschlacht,81,0,0.011494252873563218,0.011494252873563218,0,0.011494252873563218,0,0.011494252873563218,0,0.011494252873563218,0,1
2020-09-14,SRFT Wattwil,40,,0.025,0.025,0,0,0.025,0,0,0.025,0,1
2020-09-14,SRFT Wil,64,0,0.04411764705882353,0.014705882352941176,0,0.014705882352941176,0.029411764705882353,0,0,0.04411764705882353,0,2
2020-09-14,SRRWS Altstätten,59,,0.02857142857142857,0.014285714285714285,0,0.02857142857142857,0,0,0,0.02857142857142857,0,0
2020-09-14,SRRWS Grabs,190,0,0.03571428571428571,0.026785714285714284,0,0.044642857142857144,0.022321428571428572,0.004464285714285714,0,0.044642857142857144,0,3
2020-09-14,SRRWS Walenstadt,68,0,0.0410958904109589,0.0136986301369863,0,0.0273972602739726,0.0136986301369863,0,0,0.0547945205479452,0,1
2020-09-14,STGAG Frauenfeld,111,,0.017241379310344827,0,0,0,0,0,0,0.017241379310344827,0,0
2020-09-14,STGAG Münsterlingen,104,0,0.041666666666666664,0.03333333333333333,0.008333333333333333,0.05,0.016666666666666666,0.025,0,0.058333333333333334,0,2
2020-09-21,Blutspende SRK Ostschweiz,19,0,0,0,0,0.05,0,0,0,0,0,0
2020-09-21,Clienia Littenheid AG,80,0.011627906976744186,0.05813953488372093,0.05813953488372093,0.011627906976744186,0.046511627906976744,0.023255813953488372,0.011627906976744186,0,0.08139534883720931,0,1
2020-09-21,Geriatrische Klinik St. Gallen,75,0,0.036585365853658534,0.036585365853658534,0,0.024390243902439025,0,0.012195121951219513,0,0.036585365853658534,0,2
2020-09-21,Hirslanden Zürich,208,0.013392857142857142,0.0625,0.049107142857142856,0.013392857142857142,0.05803571428571429,0.017857142857142856,0.004464285714285714,0.004464285714285714,0.08482142857142858,1,10
2020-09-21,Kantonsspital Baden,580,0.003125,0.0453125,0.034375,0.0046875,0.046875,0.025,0.0046875,0,0.059375,0,24
2020-09-21,Klinik im Park,36,,0.075,0.025,0.025,0.1,0.075,0.025,0.025,0.075,1,1
2020-09-21,Klinik St. Priminsberg,82,,0.011494252873563218,0.011494252873563218,0,0.011494252873563218,0,0,0,0.011494252873563218,0,1
2020-09-21,Klinik Stephanshorn,87,0,0.02127659574468085,0.031914893617021274,0,0.0425531914893617,0.010638297872340425,0.010638297872340425,0,0.0425531914893617,0,2
2020-09-21,KSSG Flawil,49,,0,0,0,,0.018867924528301886,0,0,,0,0
2020-09-21,KSSG Rorschach,66,0,0.038461538461538464,0.038461538461538464,0.01282051282051282,0.02564102564102564,0.01282051282051282,0,0,0.0641025641025641,0,0
2020-09-21,KSSG St. Gallen,592,0.0014749262536873156,0.03687315634218289,0.035398230088495575,0.0014749262536873156,0.032448377581120944,0.017699115044247787,0.008849557522123894,0,0.05457227138643068,0,13
2020-09-21,Ostschweizer Kinderspital,9,,0.1,0.1,0,0.1,0,0,0,0.1,0,1
2020-09-21,Psychiatrie St. Gallen Nord,66,,0.028169014084507043,0,0,0.028169014084507043,0,0,0,0.028169014084507043,0,1
2020-09-21,Psychiatrie-Zentrum Linthgebiet,18,,,,,,,,0,,0,0
2020-09-21,Psychiatrie-Zentrum Rheintal,21,0,0.041666666666666664,0,0,0.041666666666666664,0,0,0,0.041666666666666664,0,1
2020-09-21,Psychiatrie-Zentrum Werdenberg Sarganserland,27,,,,,,,,0,,0,0
2020-09-21,Rehaklinik Zihlschlacht,98,0,0.009433962264150943,0.009433962264150943,0,0.03773584905660377,0.02830188679245283,0,0,0.009433962264150943,0,3
2020-09-21,SRFT Wattwil,36,0,0.02702702702702703,0.05405405405405406,0,0.05405405405405406,0,0,0,0.05405405405405406,0,1
2020-09-21,SRFT Wil,67,0,0.09210526315789473,0.05263157894736842,0,0.05263157894736842,0.02631578947368421,0.013157894736842105,0,0.09210526315789473,0,4
2020-09-21,SRRWS Altstätten,60,0,0.031746031746031744,0.015873015873015872,0,0.047619047619047616,0.015873015873015872,0,0,0.031746031746031744,0,1
2020-09-21,SRRWS Grabs,195,0.004807692307692308,0.028846153846153848,0.02403846153846154,0,0.028846153846153848,0.004807692307692308,0,0,0.038461538461538464,0,1
2020-09-21,SRRWS Walenstadt,73,0,0.047058823529411764,0.023529411764705882,0,0.047058823529411764,0.011764705882352941,0,0,0.07058823529411765,0,4
2020-09-21,STGAG Frauenfeld,109,0,0.058333333333333334,0.016666666666666666,0,0.05,0,0,0,0.06666666666666667,0,1
2020-09-21,STGAG Münsterlingen,118,0.007194244604316547,0.04316546762589928,0.02877697841726619,0,0.02877697841726619,0.014388489208633094,0,0,0.05755395683453238,0,0
2020-09-28,Blutspende SRK Ostschweiz,23,,0.041666666666666664,0,0,0.041666666666666664,0,0,0,0.041666666666666664,0,1
2020-09-28,Clienia Littenheid AG,110,0,0.03225806451612903,0.008064516129032258,0,0.024193548387096774,0.016129032258064516,0,0,0.03225806451612903,0,0
2020-09-28,Geriatrische Klinik St. Gallen,78,0,0.01098901098901099,0.02197802197802198,0,0.03296703296703297,0,0,0,0.02197802197802198,0,2
2020-09-28,Hirslanden Zürich,196,0,0.01818181818181818,0.022727272727272728,0.004545454545454545,0.031818181818181815,0.00909090909090909,0,0,0.03636363636363636,0,7
2020-09-28,Kantonsspital Baden,558,0.004885993485342019,0.029315960912052116,0.02280130293159609,0.003257328990228013,0.050488599348534204,0.014657980456026058,0.003257328990228013,0,0.04723127035830619,0,14
2020-09-28,Klinik im Park,29,0,0.03225806451612903,0.06451612903225806,0.03225806451612903,0.06451612903225806,0.06451612903225806,0,0,0.0967741935483871,0,0
2020-09-28,Klinik St. Priminsberg,71,0.012048192771084338,0.03614457831325301,0.024096385542168676,0,0.03614457831325301,0.024096385542168676,0.012048192771084338,0,0.03614457831325301,0,1
2020-09-28,Klinik Stephanshorn,83,0,0.044444444444444446,0.05555555555555555,0,0.07777777777777778,0.011111111111111112,0.011111111111111112,0,0.07777777777777778,0,3
2020-09-28,KSSG Flawil,51,,0.017241379310344827,0.017241379310344827,0,0.034482758620689655,0,0,0,0.034482758620689655,0,1
2020-09-28,KSSG Rorschach,66,0,0.038461538461538464,0.02564102564102564,0.01282051282051282,0.0641025641025641,0.01282051282051282,0,0,0.05128205128205128,0,2
2020-09-28,KSSG St. Gallen,555,0.0032948929159802307,0.036243822075782535,0.036243822075782535,0.0016474464579901153,0.05271828665568369,0.014827018121911038,0.0016474464579901153,0,0.05930807248764415,0,14
2020-09-28,Ostschweizer Kinderspital,10,0,0,0.09090909090909091,0,0,0,0.09090909090909091,0,0.09090909090909091,0,1
2020-09-28,Psychiatrie St. Gallen Nord,63,,0.014084507042253521,0,0,0.014084507042253521,0.014084507042253521,0,0,0.014084507042253521,0,0
2020-09-28,Psychiatrie-Zentrum Linthgebiet,19,,,,,,,,0,,0,0
2020-09-28,Psychiatrie-Zentrum Rheintal,22,0,0,0.045454545454545456,0,0.045454545454545456,0,0.045454545454545456,0.045454545454545456,0.045454545454545456,1,1
2020-09-28,Psychiatrie-Zentrum Werdenberg Sarganserland,28,,0.029411764705882353,0,0,0.058823529411764705,0,0,0,0.029411764705882353,0,0
2020-09-28,Rehaklinik Zihlschlacht,90,0,0.07368421052631578,0.021052631578947368,0.010526315789473684,0.06315789473684211,0.010526315789473684,0,0,0.08421052631578947,0,7
2020-09-28,SRFT Wattwil,29,0.03333333333333333,0.06666666666666667,0,0.03333333333333333,0,0.06666666666666667,0,0,0.1,0,2
2020-09-28,SRFT Wil,60,0,0.06451612903225806,0.016129032258064516,0.016129032258064516,0.08064516129032258,0.016129032258064516,0,0,0.06451612903225806,0,1
2020-09-28,SRRWS Altstätten,60,0,0.04411764705882353,0.014705882352941176,0,0.04411764705882353,0,0,0,0.058823529411764705,0,0
2020-09-28,SRRWS Grabs,189,0.0049504950495049506,0.054455445544554455,0.04455445544554455,0,0.0594059405940594,0.01485148514851485,0,0,0.06930693069306931,0,7
2020-09-28,SRRWS Walenstadt,66,0,0.0375,0,0,0,0,0,0,0.0375,0,1
2020-09-28,STGAG Frauenfeld,102,0.018018018018018018,0.0990990990990991,0.04504504504504504,0.009009009009009009,0.08108108108108109,0.02702702702702703,0.018018018018018018,0,0.0990990990990991,0,4
2020-09-28,STGAG Münsterlingen,108,0.007692307692307693,0.046153846153846156,0.007692307692307693,0,0.046153846153846156,0.03076923076923077,0,0,0.046153846153846156,0,1
2020-10-05,Blutspende SRK Ostschweiz,18,0,0.05,0,0,0.05,0,0,0,0.05,0,0
2020-10-05,Clienia Littenheid AG,117,0,0.03278688524590164,0.03278688524590164,0,0.05737704918032787,0.040983606557377046,0.00819672131147541,0,0.04918032786885246,0,1
2020-10-05,Geriatrische Klinik St. Gallen,77,0,0.06097560975609756,0.012195121951219513,0,0.07317073170731707,0.012195121951219513,0,0,0.07317073170731707,0,1
2020-10-05,Hirslanden Zürich,203,0.004629629629629629,0.05555555555555555,0.05092592592592592,0.009259259259259259,0.07407407407407407,0.037037037037037035,0.004629629629629629,0,0.07407407407407407,0,9
2020-10-05,Kantonsspital Baden,551,0.0049261083743842365,0.03940886699507389,0.0361247947454844,0.0049261083743842365,0.05747126436781609,0.029556650246305417,0.006568144499178982,0,0.06403940886699508,0,17
2020-10-05,Klinik im Park,35,0,0.05405405405405406,0.08108108108108109,0,0.08108108108108109,0.02702702702702703,0,0,0.08108108108108109,0,0
2020-10-05,Klinik St. Priminsberg,78,0.010638297872340425,0.05319148936170213,0.031914893617021274,0.010638297872340425,0.07446808510638298,0.02127659574468085,0.010638297872340425,0,0.06382978723404255,0,4
2020-10-05,Klinik Stephanshorn,82,0,0.021739130434782608,0.03260869565217391,0,0.021739130434782608,0,0.010869565217391304,0,0.05434782608695652,0,3
2020-10-05,KSSG Flawil,60,0.014492753623188406,0.043478260869565216,0.028985507246376812,0.014492753623188406,0.07246376811594203,0.028985507246376812,0,0,0.057971014492753624,0,3
2020-10-05,KSSG Rorschach,54,0,0.03571428571428571,0.017857142857142856,0.017857142857142856,0.07142857142857142,0.017857142857142856,0,0,0.03571428571428571,0,2
2020-10-05,KSSG St. Gallen,680,0.005319148936170213,0.0425531914893617,0.031914893617021274,0.0013297872340425532,0.047872340425531915,0.014627659574468085,0.0026595744680851063,0,0.05585106382978723,0,22
2020-10-05,Ostschweizer Kinderspital,35,0.02564102564102564,0.02564102564102564,0,0,0.02564102564102564,0,0,0,0.02564102564102564,0,0
2020-10-05,Psychiatrie St. Gallen Nord,52,,0.017543859649122806,0.03508771929824561,0,0.03508771929824561,0.03508771929824561,0.017543859649122806,0,0.03508771929824561,0,2
2020-10-05,Psychiatrie-Zentrum Linthgebiet,17,,,,,,,,0,,0,0
2020-10-05,Psychiatrie-Zentrum Rheintal,23,,0.04,0.08,0.04,0.04,0.08,0.04,0.04,0.08,1,2
2020-10-05,Psychiatrie-Zentrum Werdenberg Sarganserland,22,0,0.045454545454545456,0,0,0.09090909090909091,0,0,0,0.045454545454545456,0,1
2020-10-05,Rehaklinik Zihlschlacht,76,0,0.08536585365853659,0.04878048780487805,0.012195121951219513,0.0975609756097561,0.036585365853658534,0,0,0.10975609756097561,0,4
2020-10-05,SRFT Wattwil,29,,0.029411764705882353,0,0,0,0,0,0,0.029411764705882353,0,0
2020-10-05,SRFT Wil,62,0,0.04225352112676056,0.04225352112676056,0,0.056338028169014086,0.014084507042253521,0,0,0.07042253521126761,0,2
2020-10-05,SRRWS Altstätten,55,0,0.08196721311475409,0.03278688524590164,0,0.09836065573770492,0,0,0.01639344262295082,0.09836065573770492,1,2
2020-10-05,SRRWS Grabs,182,0,0.03608247422680412,0.020618556701030927,0,0.04639175257731959,0.005154639175257732,0,0,0.04639175257731959,0,6
2020-10-05,SRRWS Walenstadt,63,0.014705882352941176,0.014705882352941176,0,0,0.029411764705882353,0.029411764705882353,0,0,0.014705882352941176,0,1
2020-10-05,STGAG Frauenfeld,114,0.023622047244094488,0.07874015748031496,0.047244094488188976,0,0.07086614173228346,0.015748031496062992,0,0,0.09448818897637795,0,3
2020-10-05,STGAG Münsterlingen,107,0,0.05128205128205128,0.05982905982905983,0.008547008547008548,0.07692307692307693,0.02564102564102564,0.008547008547008548,0,0.06837606837606838,0,3
2020-10-12,Blutspende SRK Ostschweiz,20,,0.05,0.05,0,0.05,0.05,0,0,0.05,0,1
2020-10-12,Clienia Littenheid AG,99,0,0.028037383177570093,0.028037383177570093,0,0.056074766355140186,0,0,0,0.037383177570093455,0,3
2020-10-12,Geriatrische Klinik St. Gallen,72,0,0.03614457831325301,0.024096385542168676,0,0.060240963855421686,0.024096385542168676,0.024096385542168676,0.012048192771084338,0.060240963855421686,1,3
2020-10-12,Hirslanden Zürich,210,0.008658008658008658,0.05194805194805195,0.03463203463203463,0.012987012987012988,0.06493506493506493,0.04329004329004329,0,0,0.06493506493506493,0,12
2020-10-12,Kantonsspital Baden,590,0,0.029985007496251874,0.019490254872563718,0.0014992503748125937,0.041979010494752625,0.010494752623688156,0.0014992503748125937,0,0.038980509745127435,0,16
2020-10-12,Klinik im Park,31,0,0.05555555555555555,0.05555555555555555,0,0.08333333333333333,0.027777777777777776,0,0,0.05555555555555555,0,1
2020-10-12,Klinik St. Priminsberg,77,0,0.031914893617021274,0.05319148936170213,0,0.07446808510638298,0.010638297872340425,0,0,0.06382978723404255,0,0
2020-10-12,Klinik Stephanshorn,83,0.010752688172043012,0.08602150537634409,0.08602150537634409,0,0.07526881720430108,0.053763440860215055,0.010752688172043012,0.010752688172043012,0.0967741935483871,1,7
2020-10-12,KSSG Flawil,66,0.014084507042253521,0.028169014084507043,0.014084507042253521,0.014084507042253521,0.07042253521126761,0.014084507042253521,0.014084507042253521,0,0.028169014084507043,0,1
2020-10-12,KSSG Rorschach,66,0,0.03614457831325301,0.04819277108433735,0,0.04819277108433735,0.012048192771084338,0.012048192771084338,0.012048192771084338,0.060240963855421686,1,9
2020-10-12,KSSG St. Gallen,725,0.003658536585365854,0.03048780487804878,0.023170731707317073,0.0012195121951219512,0.054878048780487805,0.015853658536585366,0.0012195121951219512,0,0.04878048780487805,0,18
2020-10-12,Ostschweizer Kinderspital,41,0,0.0392156862745098,0.0196078431372549,0,0.0392156862745098,0,0,0,0.0392156862745098,0,0
2020-10-12,Psychiatrie St. Gallen Nord,66,0,0.07317073170731707,0.024390243902439025,0.024390243902439025,0.06097560975609756,0.04878048780487805,0,0,0.08536585365853659,0,5
2020-10-12,Psychiatrie-Zentrum Linthgebiet,17,0.05263157894736842,0.05263157894736842,0.05263157894736842,0,0.05263157894736842,0.05263157894736842,0,0,0.10526315789473684,0,1
2020-10-12,Psychiatrie-Zentrum Rheintal,22,0,0.043478260869565216,0.043478260869565216,0.043478260869565216,0.13043478260869565,0,0.043478260869565216,0,0.13043478260869565,0,1
2020-10-12,Psychiatrie-Zentrum Werdenberg Sarganserland,29,0,0.12121212121212122,0.09090909090909091,0,0.06060606060606061,0,0,0,0.12121212121212122,0,2
2020-10-12,Rehaklinik Zihlschlacht,92,0.010101010101010102,0.10101010101010101,0.06060606060606061,0.010101010101010102,0.06060606060606061,0.050505050505050504,0.010101010101010102,0.010101010101010102,0.12121212121212122,1,9
2020-10-12,SRFT Wattwil,30,,,,,,,,0,,0,0
2020-10-12,SRFT Wil,67,0,0.013333333333333334,0.013333333333333334,0,0.013333333333333334,0,0,0,0.013333333333333334,0,0
2020-10-12,SRRWS Altstätten,54,0,0.04838709677419355,0.016129032258064516,0.016129032258064516,0.04838709677419355,0.016129032258064516,0.016129032258064516,0.016129032258064516,0.06451612903225806,1,2
2020-10-12,SRRWS Grabs,186,0,0.04830917874396135,0.03864734299516908,0.004830917874396135,0.05314009661835749,0.024154589371980676,0.00966183574879227,0.004830917874396135,0.06280193236714976,1,11
2020-10-12,SRRWS Walenstadt,63,0,0.09722222222222222,0.041666666666666664,0,0.06944444444444445,0.027777777777777776,0.013888888888888888,0.013888888888888888,0.1111111111111111,1,2
2020-10-12,STGAG Frauenfeld,104,0,0.0423728813559322,0.0423728813559322,0.01694915254237288,0.05084745762711865,0.01694915254237288,0.00847457627118644,0.00847457627118644,0.059322033898305086,1,2
2020-10-12,STGAG Münsterlingen,112,0.0078125,0.078125,0.0703125,0.0234375,0.1015625,0.0546875,0.0390625,0.0234375,0.109375,3,11
2020-10-19,Blutspende SRK Ostschweiz,19,,0.09523809523809523,0.09523809523809523,0,0.09523809523809523,0.09523809523809523,0.047619047619047616,0,0.09523809523809523,0,1
2020-10-19,Clienia Littenheid AG,111,0,0.09243697478991597,0.025210084033613446,0,0.08403361344537816,0.01680672268907563,0.008403361344537815,0,0.09243697478991597,0,1
2020-10-19,Geriatrische Klinik St. Gallen,69,0.012658227848101266,0.05063291139240506,0.0379746835443038,0,0.05063291139240506,0.012658227848101266,0,0,0.08860759493670886,0,4
2020-10-19,Hirslanden Zürich,213,0.008,0.064,0.048,0.008,0.068,0.016,0.016,0.004,0.088,1,10
2020-10-19,Kantonsspital Baden,550,0.0032679738562091504,0.06209150326797386,0.042483660130718956,0.004901960784313725,0.06535947712418301,0.027777777777777776,0.011437908496732025,0.0016339869281045752,0.08006535947712418,1,29
2020-10-19,Klinik im Park,33,0.02631578947368421,0.10526315789473684,0.10526315789473684,0,0.13157894736842105,0.07894736842105263,0.02631578947368421,0,0.13157894736842105,0,2
2020-10-19,Klinik St. Priminsberg,83,,0.02127659574468085,0.031914893617021274,0,0.0425531914893617,0.010638297872340425,0.010638297872340425,0,0.031914893617021274,0,3
2020-10-19,Klinik Stephanshorn,74,0,0.05813953488372093,0.05813953488372093,0.011627906976744186,0.06976744186046512,0.03488372093023256,0,0.011627906976744186,0.10465116279069768,1,3
2020-10-19,KSSG Flawil,60,0,0.07462686567164178,0.014925373134328358,0.014925373134328358,0.04477611940298507,0.014925373134328358,0,0.014925373134328358,0.07462686567164178,1,5
2020-10-19,KSSG Rorschach,65,0.012987012987012988,0.09090909090909091,0.06493506493506493,0.012987012987012988,0.09090909090909091,0.025974025974025976,0.012987012987012988,0.03896103896103896,0.11688311688311688,3,5
2020-10-19,KSSG St. Gallen,793,0.0076670317634173054,0.04600219058050383,0.040525739320920046,0.0076670317634173054,0.06462212486308871,0.02628696604600219,0.004381161007667032,0.00547645125958379,0.06900328587075576,5,39
2020-10-19,Ostschweizer Kinderspital,43,0,0.09433962264150944,0.018867924528301886,0.018867924528301886,0.07547169811320754,0.018867924528301886,0,0,0.11320754716981132,0,2
2020-10-19,Psychiatrie St. Gallen Nord,62,0,0.046153846153846156,0.046153846153846156,0,0.046153846153846156,0.046153846153846156,0.03076923076923077,0,0.06153846153846154,0,3
2020-10-19,Psychiatrie-Zentrum Linthgebiet,19,0,0.05,0,0,0.05,0,0,0,0.05,0,0
2020-10-19,Psychiatrie-Zentrum Rheintal,21,,0.09090909090909091,0.13636363636363635,0,0.13636363636363635,0,0,0,0.13636363636363635,0,0
2020-10-19,Psychiatrie-Zentrum Werdenberg Sarganserland,31,0,0.058823529411764705,0.029411764705882353,0,0.11764705882352941,0,0,0,0.058823529411764705,0,0
2020-10-19,Rehaklinik Zihlschlacht,81,0,0.0449438202247191,0.0449438202247191,0.033707865168539325,0.0898876404494382,0.02247191011235955,0.011235955056179775,0,0.0898876404494382,0,8
2020-10-19,SRFT Wattwil,34,0,0.1,0.1,0,0.05,0.125,0.025,0.075,0.2,3,5
2020-10-19,SRFT Wil,62,0.013333333333333334,0,0.04,0.02666666666666667,0.02666666666666667,0.02666666666666667,0.013333333333333334,0,0.05333333333333334,0,4
2020-10-19,SRRWS Altstätten,57,0.015151515151515152,0.030303030303030304,0.045454545454545456,0,0.07575757575757576,0.07575757575757576,0.015151515151515152,0.030303030303030304,0.06060606060606061,2,6
2020-10-19,SRRWS Grabs,187,0,0.05504587155963303,0.03211009174311927,0.009174311926605505,0.07339449541284404,0.022935779816513763,0.009174311926605505,0.0045871559633027525,0.06422018348623854,1,14
2020-10-19,SRRWS Walenstadt,68,0,0.0379746835443038,0.02531645569620253,0,0.06329113924050633,0.012658227848101266,0.012658227848101266,0.012658227848101266,0.0759493670886076,1,2
2020-10-19,STGAG Frauenfeld,104,0.00847457627118644,0.059322033898305086,0.025423728813559324,0.01694915254237288,0.0423728813559322,0.01694915254237288,0.00847457627118644,0,0.06779661016949153,0,1
2020-10-19,STGAG Münsterlingen,108,0.007874015748031496,0.07086614173228346,0.031496062992125984,0,0.08661417322834646,0.047244094488188976,0.031496062992125984,0.023622047244094488,0.09448818897637795,3,3
2020-10-26,Blutspende SRK Ostschweiz,19,0,0.14285714285714285,0.09523809523809523,0.047619047619047616,0.09523809523809523,0.09523809523809523,0.047619047619047616,0.09523809523809523,0.14285714285714285,2,4
2020-10-26,Clienia Littenheid AG,113,0,0.07692307692307693,0.07692307692307693,0,0.13076923076923078,0.05384615384615385,0.015384615384615385,0.007692307692307693,0.1,1,5
2020-10-26,Geriatrische Klinik St. Gallen,74,0,0.058823529411764705,0.058823529411764705,0,0.08235294117647059,0.08235294117647059,0.023529411764705882,0.03529411764705882,0.10588235294117647,3,10
2020-10-26,Hirslanden Zürich,227,0.011764705882352941,0.050980392156862744,0.03529411764705882,0.011764705882352941,0.050980392156862744,0.027450980392156862,0.01568627450980392,0.00784313725490196,0.058823529411764705,2,10
2020-10-26,Kantonsspital Baden,572,0.001564945226917058,0.056338028169014086,0.0406885758998435,0.00782472613458529,0.06572769953051644,0.0297339593114241,0.012519561815336464,0.012519561815336464,0.07198748043818466,8,44
2020-10-26,Klinik im Park,33,0,0.05555555555555555,0.05555555555555555,0,0.08333333333333333,0.027777777777777776,0.027777777777777776,0,0.05555555555555555,0,1
2020-10-26,Klinik St. Priminsberg,80,0,0.0425531914893617,0.0425531914893617,0,0.031914893617021274,0.010638297872340425,0.010638297872340425,0,0.06382978723404255,0,3
2020-10-26,Klinik Stephanshorn,84,0.03225806451612903,0.07526881720430108,0.043010752688172046,0,0.07526881720430108,0.021505376344086023,0,0,0.10752688172043011,0,4
2020-10-26,KSSG Flawil,72,0,0.025974025974025976,0.012987012987012988,0,0.05194805194805195,0.025974025974025976,0,0.025974025974025976,0.03896103896103896,2,3
2020-10-26,KSSG Rorschach,61,0,0.04,0.02666666666666667,0.013333333333333334,0.08,0.013333333333333334,0.013333333333333334,0.04,0.04,3,9
2020-10-26,KSSG St. Gallen,829,0.012987012987012988,0.06385281385281386,0.044372294372294376,0.008658008658008658,0.06493506493506493,0.02813852813852814,0.01406926406926407,0.008658008658008658,0.08982683982683982,8,55
2020-10-26,Ostschweizer Kinderspital,49,0,0.09615384615384616,0.057692307692307696,0,0.09615384615384616,0.019230769230769232,0,0.019230769230769232,0.11538461538461539,1,4
2020-10-26,Psychiatrie St. Gallen Nord,65,0,0.0136986301369863,0.0547945205479452,0,0.0821917808219178,0,0.0136986301369863,0,0.0684931506849315,0,1
2020-10-26,Psychiatrie-Zentrum Linthgebiet,20,0,0,0,0,0.045454545454545456,0.045454545454545456,0,0,0,0,1
2020-10-26,Psychiatrie-Zentrum Rheintal,20,0,0,0,0,0.08333333333333333,0.041666666666666664,0,0,0,0,0
2020-10-26,Psychiatrie-Zentrum Werdenberg Sarganserland,26,0,0.034482758620689655,0,0,0.034482758620689655,0,0,0,0.034482758620689655,0,3
2020-10-26,Rehaklinik Zihlschlacht,100,0.00847457627118644,0.07627118644067797,0.06779661016949153,0.01694915254237288,0.1016949152542373,0.06779661016949153,0.00847457627118644,0,0.11864406779661017,0,12
2020-10-26,SRFT Wattwil,26,0.03225806451612903,0.06451612903225806,0.12903225806451613,0.03225806451612903,0.0967741935483871,0.0967741935483871,0.06451612903225806,0.06451612903225806,0.16129032258064516,2,3
2020-10-26,SRFT Wil,59,0,0.046153846153846156,0.015384615384615385,0.015384615384615385,0.03076923076923077,0.015384615384615385,0,0,0.06153846153846154,0,5
2020-10-26,SRRWS Altstätten,65,0,0.06493506493506493,0.05194805194805195,0.012987012987012988,0.09090909090909091,0.012987012987012988,0.03896103896103896,0.012987012987012988,0.11688311688311688,1,2
2020-10-26,SRRWS Grabs,194,0.004608294930875576,0.059907834101382486,0.04608294930875576,0.009216589861751152,0.07834101382488479,0.013824884792626729,0,0,0.08294930875576037,0,13
2020-10-26,SRRWS Walenstadt,71,0,0.06172839506172839,0.08641975308641975,0,0.09876543209876543,0.04938271604938271,0.024691358024691357,0.037037037037037035,0.12345679012345678,3,6
2020-10-26,STGAG Frauenfeld,107,0,0.06722689075630252,0.04201680672268908,0.008403361344537815,0.07563025210084033,0.025210084033613446,0.008403361344537815,0,0.09243697478991597,0,7
2020-10-26,STGAG Münsterlingen,96,0,0.04310344827586207,0.034482758620689655,0.008620689655172414,0.0603448275862069,0.04310344827586207,0.02586206896551724,0.017241379310344827,0.06896551724137931,2,4
2020-11-02,Blutspende SRK Ostschweiz,21,,0.06666666666666667,0.06666666666666667,0.03333333333333333,0.03333333333333333,0.06666666666666667,0.06666666666666667,0.03333333333333333,0.06666666666666667,1,2
2020-11-02,Clienia Littenheid AG,137,0.006211180124223602,0.06832298136645963,0.037267080745341616,0,0.06832298136645963,0.062111801242236024,0.012422360248447204,0.006211180124223602,0.08074534161490683,1,10
2020-11-02,Geriatrische Klinik St. Gallen,93,0.01680672268907563,0.09243697478991597,0.07563025210084033,0.008403361344537815,0.10084033613445378,0.03361344537815126,0.008403361344537815,0.04201680672268908,0.1092436974789916,5,11
2020-11-02,Hirslanden Zürich,279,0.015625,0.05625,0.04375,0.009375,0.078125,0.034375,0.015625,0.015625,0.0875,5,24
2020-11-02,Kantonsspital Baden,699,0.004901960784313725,0.06372549019607843,0.041666666666666664,0.006127450980392157,0.06495098039215687,0.024509803921568627,0.013480392156862746,0.00857843137254902,0.08088235294117647,7,52
2020-11-02,Klinik im Park,51,0,0.03571428571428571,0.017857142857142856,0.017857142857142856,0.017857142857142856,0.017857142857142856,0.017857142857142856,0,0.03571428571428571,0,4
2020-11-02,Klinik St. Priminsberg,86,0,0.020833333333333332,0,0,0.052083333333333336,0.020833333333333332,0.020833333333333332,0,0.041666666666666664,0,1
2020-11-02,Klinik Stephanshorn,105,0.007633587786259542,0.08396946564885496,0.05343511450381679,0.015267175572519083,0.07633587786259542,0.03816793893129771,0.015267175572519083,0.015267175572519083,0.0916030534351145,2,6
2020-11-02,KSSG Flawil,91,0,0.0380952380952381,0.02857142857142857,0.009523809523809525,0.047619047619047616,0.05714285714285714,0.009523809523809525,0.009523809523809525,0.05714285714285714,1,3
2020-11-02,KSSG Rorschach,73,0.009708737864077669,0.08737864077669903,0.04854368932038835,0,0.08737864077669903,0.02912621359223301,0,0.038834951456310676,0.10679611650485436,4,5
2020-11-02,KSSG St. Gallen,940,0.015754560530679935,0.0779436152570481,0.05804311774461028,0.011608623548922056,0.08540630182421227,0.05306799336650083,0.01990049751243781,0.022388059701492536,0.1044776119402985,27,93
2020-11-02,Ostschweizer Kinderspital,56,0,0.0410958904109589,0.0273972602739726,0,0.0410958904109589,0,0.0136986301369863,0.0136986301369863,0.0684931506849315,1,5
2020-11-02,Psychiatrie St. Gallen Nord,82,0,0.042105263157894736,0.021052631578947368,0.010526315789473684,0.06315789473684211,0.010526315789473684,0,0,0.05263157894736842,0,4
2020-11-02,Psychiatrie-Zentrum Linthgebiet,19,0.047619047619047616,0.047619047619047616,0,0,0.047619047619047616,0.09523809523809523,0,0,0.09523809523809523,0,1
2020-11-02,Psychiatrie-Zentrum Rheintal,21,0,0.041666666666666664,0.08333333333333333,0.041666666666666664,0.041666666666666664,0.041666666666666664,0,0,0.125,0,0
2020-11-02,Psychiatrie-Zentrum Werdenberg Sarganserland,32,0,0.04878048780487805,0,0,0.0975609756097561,0.04878048780487805,0.04878048780487805,0.04878048780487805,0.07317073170731707,2,2
2020-11-02,Rehaklinik Zihlschlacht,108,0.0078125,0.078125,0.109375,0.0078125,0.1015625,0.0859375,0.0703125,0.0390625,0.1640625,5,16
2020-11-02,SRFT Wattwil,44,0,0.1568627450980392,0.0784313725490196,0.0392156862745098,0.09803921568627451,0.09803921568627451,0.0784313725490196,0.0784313725490196,0.21568627450980393,4,10
2020-11-02,SRFT Wil,76,0.020202020202020204,0.06060606060606061,0.020202020202020204,0,0.030303030303030304,0.020202020202020204,0.010101010101010102,0.010101010101010102,0.0707070707070707,1,7
2020-11-02,SRRWS Altstätten,75,0,0.021505376344086023,0.021505376344086023,0.021505376344086023,0.07526881720430108,0.03225806451612903,0.010752688172043012,0.03225806451612903,0.043010752688172046,3,6
2020-11-02,SRRWS Grabs,229,0,0.022727272727272728,0.026515151515151516,0.011363636363636364,0.030303030303030304,0.015151515151515152,0.007575757575757576,0.007575757575757576,0.05303030303030303,2,6
2020-11-02,SRRWS Walenstadt,85,0.019801980198019802,0.07920792079207921,0.09900990099009901,0.019801980198019802,0.06930693069306931,0.0891089108910891,0.0594059405940594,0.06930693069306931,0.15841584158415842,7,12
2020-11-02,STGAG Frauenfeld,121,0.006944444444444444,0.041666666666666664,0.0625,0.013888888888888888,0.04861111111111111,0.041666666666666664,0.020833333333333332,0.006944444444444444,0.08333333333333333,1,11
2020-11-02,STGAG Münsterlingen,117,0.006896551724137931,0.06896551724137931,0.06896551724137931,0.006896551724137931,0.1310344827586207,0.05517241379310345,0.04827586206896552,0.020689655172413793,0.15172413793103448,3,9
2020-11-09,Blutspende SRK Ostschweiz,19,0,0.05,0.1,0.05,0.05,0.05,0.1,0,0.1,0,0
2020-11-09,Clienia Littenheid AG,132,0.006622516556291391,0.039735099337748346,0.033112582781456956,0,0.052980132450331126,0.039735099337748346,0.019867549668874173,0.006622516556291391,0.059602649006622516,1,14
2020-11-09,Geriatrische Klinik St. Gallen,89,,0.04081632653061224,0.05102040816326531,0,0.07142857142857142,0.04081632653061224,0.02040816326530612,0.030612244897959183,0.07142857142857142,3,6
2020-11-09,Hirslanden Zürich,265,0.006944444444444444,0.04861111111111111,0.03819444444444445,0.010416666666666666,0.06597222222222222,0.04513888888888889,0.013888888888888888,0.010416666666666666,0.07291666666666667,3,16
2020-11-09,Kantonsspital Baden,684,0,0.06481481481481481,0.051587301587301584,0.006613756613756613,0.06481481481481481,0.03042328042328042,0.011904761904761904,0.009259259259259259,0.082010582010582,7,59
2020-11-09,Klinik im Park,53,0,0.03389830508474576,0.03389830508474576,0,0.05084745762711865,0.05084745762711865,0,0,0.03389830508474576,0,2
2020-11-09,Klinik St. Priminsberg,85,0,0.043010752688172046,0.03225806451612903,0,0.06451612903225806,0.021505376344086023,0,0,0.053763440860215055,0,4
2020-11-09,Klinik Stephanshorn,98,0,0.08035714285714286,0.03571428571428571,0.017857142857142856,0.05357142857142857,0.026785714285714284,0.008928571428571428,0.008928571428571428,0.09821428571428571,1,7
2020-11-09,KSSG Flawil,86,0,0.03260869565217391,0,0.010869565217391304,0.03260869565217391,0.010869565217391304,0,0,0.043478260869565216,0,0
2020-11-09,KSSG Rorschach,82,0,0.030927835051546393,0.020618556701030927,0,0.041237113402061855,0.010309278350515464,0.010309278350515464,0.010309278350515464,0.041237113402061855,1,8
2020-11-09,KSSG St. Gallen,885,0.015105740181268883,0.054380664652567974,0.045317220543806644,0.016112789526686808,0.06243705941591138,0.044310171198388724,0.02014098690835851,0.013091641490433032,0.08862034239677745,13,54
2020-11-09,Ostschweizer Kinderspital,48,0.018518518518518517,0.037037037037037035,0.05555555555555555,0,0.018518518518518517,0,0,0.018518518518518517,0.07407407407407407,1,2
2020-11-09,Psychiatrie St. Gallen Nord,76,0,0.0379746835443038,0.05063291139240506,0.012658227848101266,0.06329113924050633,0.02531645569620253,0,0,0.0759493670886076,0,6
2020-11-09,Psychiatrie-Zentrum Linthgebiet,19,0,0.08695652173913043,0,0,0.13043478260869565,0.043478260869565216,0,0,0.08695652173913043,0,1
2020-11-09,Psychiatrie-Zentrum Rheintal,23,,0,0,0,0,0.04,0.04,0,0.04,0,0
2020-11-09,Psychiatrie-Zentrum Werdenberg Sarganserland,28,0,0.06666666666666667,0,0,0.06666666666666667,0.03333333333333333,0.03333333333333333,0,0.06666666666666667,0,0
2020-11-09,Rehaklinik Zihlschlacht,105,0.00909090909090909,0.045454545454545456,0.045454545454545456,0.01818181818181818,0.07272727272727272,0.05454545454545454,0.02727272727272727,0.00909090909090909,0.07272727272727272,1,6
2020-11-09,SRFT Wattwil,39,0,0,0.11904761904761904,0.047619047619047616,0.047619047619047616,0.023809523809523808,0.11904761904761904,0.023809523809523808,0.14285714285714285,1,2
2020-11-09,SRFT Wil,74,0,0.075,0.1,0,0.1125,0.0625,0.025,0.025,0.1,2,5
2020-11-09,SRRWS Altstätten,69,0.013513513513513514,0.08108108108108109,0.13513513513513514,0.04054054054054054,0.13513513513513514,0.0945945945945946,0.06756756756756757,0.06756756756756757,0.16216216216216217,5,9
2020-11-09,SRRWS Grabs,223,0.004,0.032,0.028,0.004,0.052,0.02,0.012,0.012,0.056,3,10
2020-11-09,SRRWS Walenstadt,81,0.045454545454545456,0.1590909090909091,0.125,0.03409090909090909,0.13636363636363635,0.11363636363636363,0.07954545454545454,0.09090909090909091,0.22727272727272727,8,14
2020-11-09,STGAG Frauenfeld,114,0,0.046153846153846156,0.06153846153846154,0.015384615384615385,0.06923076923076923,0.038461538461538464,0.03076923076923077,0.007692307692307693,0.07692307692307693,1,10
2020-11-09,STGAG Münsterlingen,134,0,0.08280254777070063,0.08280254777070063,0.01910828025477707,0.08917197452229299,0.03184713375796178,0.012738853503184714,0.025477707006369428,0.12738853503184713,4,12
2020-11-16,Blutspende SRK Ostschweiz,25,0,0.03225806451612903,0.12903225806451613,0,0.1935483870967742,0.16129032258064516,0.12903225806451613,0.03225806451612903,0.16129032258064516,1,3
2020-11-16,Clienia Littenheid AG,137,0,0.040268456375838924,0.04697986577181208,0.006711409395973154,0.06040268456375839,0.04697986577181208,0.03355704697986577,0.006711409395973154,0.053691275167785234,1,18
2020-11-16,Geriatrische Klinik St. Gallen,89,0,0.0625,0.020833333333333332,0,0.03125,0.03125,0,0,0.0625,0,2
2020-11-16,Hirslanden Zürich,284,0.003134796238244514,0.05642633228840126,0.03134796238244514,0.003134796238244514,0.05956112852664577,0.02821316614420063,0.012539184952978056,0.006269592476489028,0.07523510971786834,2,17
2020-11-16,Kantonsspital Baden,686,0.0026455026455026454,0.05291005291005291,0.046296296296296294,0.007936507936507936,0.07539682539682539,0.031746031746031744,0.01455026455026455,0.01455026455026455,0.08862433862433862,11,101
2020-11-16,Klinik im Park,49,0.058823529411764705,0.09803921568627451,0.058823529411764705,0.0196078431372549,0.09803921568627451,0.13725490196078433,0.0392156862745098,0.0784313725490196,0.11764705882352941,4,10
2020-11-16,Klinik St. Priminsberg,86,0.010416666666666666,0.010416666666666666,0.03125,0,0.041666666666666664,0.010416666666666666,0,0,0.041666666666666664,0,2
2020-11-16,Klinik Stephanshorn,106,0,0.05084745762711865,0.0423728813559322,0,0.03389830508474576,0.03389830508474576,0.00847457627118644,0.025423728813559324,0.09322033898305085,3,7
2020-11-16,KSSG Flawil,88,0.010309278350515464,0.010309278350515464,0.020618556701030927,0,0.041237113402061855,0.020618556701030927,0.010309278350515464,0.010309278350515464,0.041237113402061855,1,5
2020-11-16,KSSG Rorschach,74,0.011494252873563218,0.022988505747126436,0.04597701149425287,0,0.08045977011494253,0.04597701149425287,0.05747126436781609,0.034482758620689655,0.09195402298850575,3,7
2020-11-16,KSSG St. Gallen,980,0.012727272727272728,0.05545454545454546,0.035454545454545454,0.012727272727272728,0.07818181818181819,0.04363636363636364,0.02181818181818182,0.01090909090909091,0.08454545454545455,12,55
2020-11-16,Ostschweizer Kinderspital,57,0.016129032258064516,0,0.03225806451612903,0,0.04838709677419355,0,0,0.016129032258064516,0.03225806451612903,1,1
2020-11-16,Psychiatrie St. Gallen Nord,80,0,0.031578947368421054,0.031578947368421054,0,0.031578947368421054,0.021052631578947368,0,0.010526315789473684,0.042105263157894736,1,8
2020-11-16,Psychiatrie-Zentrum Linthgebiet,18,,0.05263157894736842,0,0,0.15789473684210525,0.05263157894736842,0,0,0.05263157894736842,0,1
2020-11-16,Psychiatrie-Zentrum Rheintal,24,0,0.041666666666666664,0.08333333333333333,0.08333333333333333,0.041666666666666664,0,0.041666666666666664,0,0.16666666666666666,0,0
2020-11-16,Psychiatrie-Zentrum Werdenberg Sarganserland,31,0,0.05555555555555555,0.05555555555555555,0,0.05555555555555555,0,0.027777777777777776,0,0.05555555555555555,0,2
2020-11-16,Rehaklinik Zihlschlacht,112,0.008130081300813009,0.04065040650406504,0.016260162601626018,0,0.032520325203252036,0.04065040650406504,0.032520325203252036,0,0.06504065040650407,0,1
2020-11-16,SRFT Wattwil,43,0,0.02040816326530612,0.02040816326530612,0,0.04081632653061224,0.04081632653061224,0.061224489795918366,0.04081632653061224,0.061224489795918366,2,2
2020-11-16,SRFT Wil,79,0,0.07865168539325842,0.10112359550561797,0.02247191011235955,0.10112359550561797,0.06741573033707865,0.033707865168539325,0.02247191011235955,0.1348314606741573,2,4
2020-11-16,SRRWS Altstätten,73,0.023529411764705882,0.10588235294117647,0.10588235294117647,0.03529411764705882,0.09411764705882353,0.10588235294117647,0.03529411764705882,0.03529411764705882,0.16470588235294117,3,5
2020-11-16,SRRWS Grabs,224,0.003861003861003861,0.04247104247104247,0.04247104247104247,0.007722007722007722,0.05405405405405406,0.02702702702702703,0.003861003861003861,0.015444015444015444,0.0694980694980695,4,18
2020-11-16,SRRWS Walenstadt,87,0,0.09375,0.10416666666666667,0.020833333333333332,0.09375,0.052083333333333336,0.0625,0.07291666666666667,0.15625,7,10
2020-11-16,STGAG Frauenfeld,120,0,0.02857142857142857,0.03571428571428571,0.007142857142857143,0.02857142857142857,0.02857142857142857,0.014285714285714285,0,0.06428571428571428,0,4
2020-11-16,STGAG Münsterlingen,126,0.012738853503184714,0.044585987261146494,0.05732484076433121,0.006369426751592357,0.08280254777070063,0.03821656050955414,0.025477707006369428,0.025477707006369428,0.08917197452229299,4,9
2020-11-23,Blutspende SRK Ostschweiz,23,0,0.043478260869565216,0,0,0.08695652173913043,0,0,0,0.043478260869565216,0,1
2020-11-23,Clienia Littenheid AG,115,0.008064516129032258,0.056451612903225805,0.04032258064516129,0,0.056451612903225805,0.04838709677419355,0.016129032258064516,0.016129032258064516,0.06451612903225806,2,7
2020-11-23,Geriatrische Klinik St. Gallen,87,0.010752688172043012,0.03225806451612903,0,0,0.03225806451612903,0,0,0,0.043010752688172046,0,1
2020-11-23,Hirslanden Zürich,281,0.0033444816053511705,0.06354515050167224,0.03678929765886288,0.006688963210702341,0.0903010033444816,0.05351170568561873,0.020066889632107024,0.013377926421404682,0.08695652173913043,4,26
2020-11-23,Kantonsspital Baden,648,0.005698005698005698,0.05698005698005698,0.042735042735042736,0.007122507122507123,0.06552706552706553,0.042735042735042736,0.01282051282051282,0.011396011396011397,0.07692307692307693,8,63
2020-11-23,Klinik im Park,52,0,0.03389830508474576,0.01694915254237288,0.01694915254237288,0.06779661016949153,0.03389830508474576,0.03389830508474576,0.03389830508474576,0.06779661016949153,2,5
2020-11-23,Klinik St. Priminsberg,86,0.03225806451612903,0.06451612903225806,0.06451612903225806,0.03225806451612903,0.08602150537634409,0.07526881720430108,0.010752688172043012,0.021505376344086023,0.12903225806451613,2,5
2020-11-23,Klinik Stephanshorn,100,0,0.037037037037037035,0.07407407407407407,0,0.08333333333333333,0.046296296296296294,0.037037037037037035,0.018518518518518517,0.10185185185185185,2,5
2020-11-23,KSSG Flawil,86,0,0.05263157894736842,0.031578947368421054,0.010526315789473684,0.07368421052631578,0.07368421052631578,0.031578947368421054,0.042105263157894736,0.07368421052631578,4,7
2020-11-23,KSSG Rorschach,76,0.011764705882352941,0.07058823529411765,0.07058823529411765,0,0.09411764705882353,0.011764705882352941,0,0,0.07058823529411765,0,5
2020-11-23,KSSG St. Gallen,927,0.01089108910891089,0.05742574257425743,0.04554455445544554,0.01485148514851485,0.06732673267326733,0.04257425742574258,0.011881188118811881,0.016831683168316833,0.08712871287128712,17,56
2020-11-23,Ostschweizer Kinderspital,53,0,0.01818181818181818,0.03636363636363636,0,0.03636363636363636,0.01818181818181818,0,0,0.05454545454545454,0,1
2020-11-23,Psychiatrie St. Gallen Nord,74,0,0.06578947368421052,0.039473684210526314,0.013157894736842105,0.039473684210526314,0.02631578947368421,0.05263157894736842,0.039473684210526314,0.09210526315789473,3,12
2020-11-23,Psychiatrie-Zentrum Linthgebiet,20,0,0,0.047619047619047616,0,0.09523809523809523,0,0,0,0.047619047619047616,0,0
2020-11-23,Psychiatrie-Zentrum Rheintal,22,0,0,0,0.045454545454545456,0.045454545454545456,0,0,0,0.045454545454545456,0,0
2020-11-23,Psychiatrie-Zentrum Werdenberg Sarganserland,29,0,0.03225806451612903,0.03225806451612903,0,0,0.03225806451612903,0,0,0.06451612903225806,0,1
2020-11-23,Rehaklinik Zihlschlacht,120,0,0.046153846153846156,0.023076923076923078,0.007692307692307693,0.05384615384615385,0.03076923076923077,0,0,0.05384615384615385,0,6
2020-11-23,SRFT Wattwil,36,0.02564102564102564,0.05128205128205128,0.07692307692307693,0,0.05128205128205128,0.02564102564102564,0,0.02564102564102564,0.07692307692307693,1,2
2020-11-23,SRFT Wil,79,0.023255813953488372,0.05813953488372093,0.08139534883720931,0.03488372093023256,0.10465116279069768,0.05813953488372093,0.03488372093023256,0.03488372093023256,0.12790697674418605,3,7
2020-11-23,SRRWS Altstätten,70,0.013157894736842105,0.05263157894736842,0.06578947368421052,0.039473684210526314,0.13157894736842105,0.07894736842105263,0.05263157894736842,0.05263157894736842,0.11842105263157894,4,8
2020-11-23,SRRWS Grabs,227,0,0.058823529411764705,0.0546218487394958,0.008403361344537815,0.06302521008403361,0.029411764705882353,0.004201680672268907,0.004201680672268907,0.09663865546218488,1,13
2020-11-23,SRRWS Walenstadt,79,0,0.046511627906976744,0.023255813953488372,0.011627906976744186,0.023255813953488372,0,0.011627906976744186,0,0.05813953488372093,0,3
2020-11-23,STGAG Frauenfeld,113,0.024193548387096774,0.06451612903225806,0.04032258064516129,0,0.11290322580645161,0.04838709677419355,0.04838709677419355,0.04838709677419355,0.08870967741935484,6,10
2020-11-23,STGAG Münsterlingen,118,0.007352941176470588,0.08088235294117647,0.08088235294117647,0.029411764705882353,0.10294117647058823,0.07352941176470588,0.04411764705882353,0.029411764705882353,0.09558823529411764,4,10
2020-11-30,Blutspende SRK Ostschweiz,23,0,0,0,0,0.038461538461538464,0,0,0,0,0,0
2020-11-30,Clienia Littenheid AG,129,0,0.02158273381294964,0.03597122302158273,0.007194244604316547,0.04316546762589928,0.02877697841726619,0.014388489208633094,0,0.050359712230215826,0,1
2020-11-30,Geriatrische Klinik St. Gallen,88,0.01098901098901099,0.054945054945054944,0.08791208791208792,0,0.07692307692307693,0.04395604395604396,0.01098901098901099,0.01098901098901099,0.10989010989010989,1,7
2020-11-30,Hirslanden Zürich,271,0,0.060714285714285714,0.05357142857142857,0.014285714285714285,0.09285714285714286,0.039285714285714285,0.007142857142857143,0.0035714285714285713,0.08928571428571429,1,23
2020-11-30,Kantonsspital Baden,649,0.004310344827586207,0.05747126436781609,0.05028735632183908,0.007183908045977011,0.07040229885057471,0.033045977011494254,0.014367816091954023,0.01293103448275862,0.07902298850574713,9,47
2020-11-30,Klinik im Park,49,0,0.05660377358490566,0.018867924528301886,0,0.05660377358490566,0.018867924528301886,0,0,0.07547169811320754,0,5
2020-11-30,Klinik St. Priminsberg,78,,0.06329113924050633,0.02531645569620253,0,0.05063291139240506,0.02531645569620253,0,0,0.06329113924050633,0,2
2020-11-30,Klinik Stephanshorn,96,0,0.0761904761904762,0.0380952380952381,0.01904761904761905,0.10476190476190476,0.0380952380952381,0.01904761904761905,0.01904761904761905,0.10476190476190476,2,8
2020-11-30,KSSG Flawil,74,0,0.07228915662650602,0.060240963855421686,0.024096385542168676,0.060240963855421686,0.08433734939759036,0.060240963855421686,0.03614457831325301,0.0963855421686747,3,5
2020-11-30,KSSG Rorschach,73,0.024390243902439025,0.07317073170731707,0.07317073170731707,0.012195121951219513,0.06097560975609756,0.04878048780487805,0.024390243902439025,0.012195121951219513,0.0975609756097561,1,6
2020-11-30,KSSG St. Gallen,918,0.012358393408856848,0.053553038105046344,0.042224510813594233,0.008238928939237899,0.08753861997940268,0.037075180226570546,0.013388259526261586,0.013388259526261586,0.08341915550978372,13,66
2020-11-30,Ostschweizer Kinderspital,54,0,0.05,0,0,0.016666666666666666,0.03333333333333333,0,0,0.05,0,3
2020-11-30,Psychiatrie St. Gallen Nord,78,,0.0375,0.0625,0.0125,0.05,0.025,0.0625,0.0375,0.0875,3,6
2020-11-30,Psychiatrie-Zentrum Linthgebiet,17,0,0,0,0,0,0,0.058823529411764705,0,0.058823529411764705,0,0
2020-11-30,Psychiatrie-Zentrum Rheintal,22,,0,0.045454545454545456,0,0.09090909090909091,0.045454545454545456,0,0,0.045454545454545456,0,0
2020-11-30,Psychiatrie-Zentrum Werdenberg Sarganserland,30,0,0,0,0,0,0.03333333333333333,0,0,0,0,1
2020-11-30,Rehaklinik Zihlschlacht,116,0,0.03333333333333333,0.05,0,0.058333333333333334,0.03333333333333333,0.016666666666666666,0.008333333333333333,0.08333333333333333,1,6
2020-11-30,SRFT Wattwil,43,0.02127659574468085,0.10638297872340426,0.0425531914893617,0.02127659574468085,0.0851063829787234,0.06382978723404255,0.02127659574468085,0.02127659574468085,0.14893617021276595,1,4
2020-11-30,SRFT Wil,70,0.02857142857142857,0.05714285714285714,0.07142857142857142,0.02857142857142857,0.11428571428571428,0.08571428571428572,0.014285714285714285,0,0.12857142857142856,0,4
2020-11-30,SRRWS Altstätten,63,0,0.07462686567164178,0.07462686567164178,0.014925373134328358,0.14925373134328357,0.11940298507462686,0.04477611940298507,0.07462686567164178,0.16417910447761194,5,8
2020-11-30,SRRWS Grabs,217,0,0.03879310344827586,0.03017241379310345,0.004310344827586207,0.047413793103448273,0.021551724137931036,0.008620689655172414,0.004310344827586207,0.05603448275862069,1,8
2020-11-30,SRRWS Walenstadt,69,0,0.056338028169014086,0.028169014084507043,0,0.056338028169014086,0.04225352112676056,0.028169014084507043,0.04225352112676056,0.056338028169014086,3,4
2020-11-30,STGAG Frauenfeld,108,0.02631578947368421,0.05263157894736842,0.06140350877192982,0.02631578947368421,0.07894736842105263,0.07017543859649122,0.043859649122807015,0.03508771929824561,0.10526315789473684,4,9
2020-11-30,STGAG Münsterlingen,110,0,0.049586776859504134,0.05785123966942149,0.03305785123966942,0.0743801652892562,0.024793388429752067,0.03305785123966942,0.008264462809917356,0.09917355371900827,1,5
2020-12-07,Blutspende SRK Ostschweiz,20,,,,,,,,0,,0,0
2020-12-07,Clienia Littenheid AG,140,0,0.006666666666666667,0.03333333333333333,0,0.05333333333333334,0.02666666666666667,0,0,0.03333333333333333,0,3
2020-12-07,Geriatrische Klinik St. Gallen,89,0.03333333333333333,0.06666666666666667,0.07777777777777778,0.022222222222222223,0.06666666666666667,0.044444444444444446,0.022222222222222223,0.011111111111111112,0.13333333333333333,1,7
2020-12-07,Hirslanden Zürich,264,0,0.03214285714285714,0.025,0.007142857142857143,0.05,0.03214285714285714,0.010714285714285714,0.014285714285714285,0.05,4,17
2020-12-07,Kantonsspital Baden,647,0.0014925373134328358,0.05223880597014925,0.041791044776119404,0.008955223880597015,0.056716417910447764,0.025373134328358207,0.008955223880597015,0.0029850746268656717,0.07164179104477612,2,43
2020-12-07,Klinik im Park,46,0,0.0425531914893617,0.06382978723404255,0,0.0851063829787234,0.06382978723404255,0,0,0.0851063829787234,0,3
2020-12-07,Klinik St. Priminsberg,87,0,0.044444444444444446,0.03333333333333333,0.022222222222222223,0.03333333333333333,0.03333333333333333,0,0.011111111111111112,0.05555555555555555,1,7
2020-12-07,Klinik Stephanshorn,98,0,0.08163265306122448,0.05102040816326531,0.030612244897959183,0.08163265306122448,0.07142857142857142,0.04081632653061224,0.02040816326530612,0.11224489795918367,2,10
2020-12-07,KSSG Flawil,80,0,0.0375,0.0375,0.0125,0.05,0.0375,0.025,0.0125,0.0625,1,2
2020-12-07,KSSG Rorschach,76,0.02564102564102564,0.02564102564102564,0.05128205128205128,0.01282051282051282,0.0641025641025641,0.05128205128205128,0.01282051282051282,0.01282051282051282,0.07692307692307693,1,5
2020-12-07,KSSG St. Gallen,941,0.008264462809917356,0.06921487603305786,0.049586776859504134,0.011363636363636364,0.07954545454545454,0.03305785123966942,0.01756198347107438,0.013429752066115703,0.09917355371900827,13,71
2020-12-07,Ostschweizer Kinderspital,53,0.01818181818181818,0.12727272727272726,0.05454545454545454,0.01818181818181818,0.09090909090909091,0.05454545454545454,0.01818181818181818,0,0.14545454545454545,0,7
2020-12-07,Psychiatrie St. Gallen Nord,76,0,0,0,0,0.01282051282051282,0.01282051282051282,0.01282051282051282,0,0.01282051282051282,0,1
2020-12-07,Psychiatrie-Zentrum Linthgebiet,18,0,0,0,0,0.1111111111111111,0.1111111111111111,0,0,0,0,2
2020-12-07,Psychiatrie-Zentrum Rheintal,23,0,0,0.043478260869565216,0.08695652173913043,0.08695652173913043,0,0.043478260869565216,0,0.08695652173913043,0,2
2020-12-07,Psychiatrie-Zentrum Werdenberg Sarganserland,29,0,0.034482758620689655,0.10344827586206896,0,0.034482758620689655,0.034482758620689655,0.034482758620689655,0.034482758620689655,0.10344827586206896,1,3
2020-12-07,Rehaklinik Zihlschlacht,110,0,0.036036036036036036,0.036036036036036036,0.009009009009009009,0.09009009009009009,0.036036036036036036,0.009009009009009009,0.009009009009009009,0.06306306306306306,1,6
2020-12-07,SRFT Wattwil,39,0,0.1,0.075,0.025,0.15,0.025,0.075,0.025,0.15,1,4
2020-12-07,SRFT Wil,79,0,0.04878048780487805,0.06097560975609756,0.024390243902439025,0.0975609756097561,0.06097560975609756,0.036585365853658534,0.036585365853658534,0.10975609756097561,3,6
2020-12-07,SRRWS Altstätten,67,0.014705882352941176,0.07352941176470588,0.04411764705882353,0.014705882352941176,0.08823529411764706,0.04411764705882353,0.07352941176470588,0.058823529411764705,0.10294117647058823,4,6
2020-12-07,SRRWS Grabs,212,0,0.05333333333333334,0.03111111111111111,0,0.06222222222222222,0.017777777777777778,0.008888888888888889,0,0.06666666666666667,0,24
2020-12-07,SRRWS Walenstadt,76,0.02531645569620253,0.10126582278481013,0.02531645569620253,0,0.0759493670886076,0.05063291139240506,0.0379746835443038,0.0379746835443038,0.10126582278481013,3,5
2020-12-07,STGAG Frauenfeld,116,0.017094017094017096,0.042735042735042736,0.06837606837606838,0.008547008547008548,0.08547008547008547,0.042735042735042736,0.05128205128205128,0.017094017094017096,0.09401709401709402,2,12
2020-12-07,STGAG Münsterlingen,115,0,0.04201680672268908,0.04201680672268908,0.008403361344537815,0.08403361344537816,0.025210084033613446,0.025210084033613446,0.008403361344537815,0.06722689075630252,1,5
2020-12-14,Blutspende SRK Ostschweiz,23,0,0,0,0,0.041666666666666664,0,0.041666666666666664,0,0.041666666666666664,0,1
2020-12-14,Clienia Littenheid AG,149,0,0.01948051948051948,0.032467532467532464,0,0.045454545454545456,0.01948051948051948,0,0.006493506493506494,0.03896103896103896,1,8
2020-12-14,Geriatrische Klinik St. Gallen,94,0.010526315789473684,0.042105263157894736,0.042105263157894736,0,0.07368421052631578,0.031578947368421054,0.021052631578947368,0.021052631578947368,0.09473684210526316,2,6
2020-12-14,Hirslanden Zürich,270,0.0036363636363636364,0.05818181818181818,0.05818181818181818,0.01090909090909091,0.07272727272727272,0.04,0.01818181818181818,0.01090909090909091,0.08363636363636363,3,23
2020-12-14,Kantonsspital Baden,662,0.0029585798816568047,0.04142011834319527,0.03254437869822485,0.0073964497041420114,0.05029585798816568,0.02514792899408284,0.004437869822485207,0.004437869822485207,0.05621301775147929,3,43
2020-12-14,Klinik im Park,46,0.02127659574468085,0.0425531914893617,0.0425531914893617,0,0.0851063829787234,0.0425531914893617,0,0,0.0851063829787234,0,5
2020-12-14,Klinik St. Priminsberg,89,0,0.06666666666666667,0.06666666666666667,0.022222222222222223,0.08888888888888889,0.044444444444444446,0.044444444444444446,0.03333333333333333,0.1,3,9
2020-12-14,Klinik Stephanshorn,106,0.00909090909090909,0.09090909090909091,0.06363636363636363,0.02727272727272727,0.07272727272727272,0.03636363636363636,0.02727272727272727,0.02727272727272727,0.10909090909090909,3,11
2020-12-14,KSSG Flawil,78,0,0.04938271604938271,0.04938271604938271,0.012345679012345678,0.06172839506172839,0.024691358024691357,0.012345679012345678,0.012345679012345678,0.08641975308641975,1,6
2020-12-14,KSSG Rorschach,75,0,0.02564102564102564,0.08974358974358974,0,0.08974358974358974,0.02564102564102564,0.02564102564102564,0.01282051282051282,0.08974358974358974,1,5
2020-12-14,KSSG St. Gallen,963,0.006993006993006993,0.06993006993006994,0.052947052947052944,0.013986013986013986,0.08491508491508491,0.03696303696303696,0.023976023976023976,0.02197802197802198,0.0989010989010989,22,90
2020-12-14,Ostschweizer Kinderspital,56,0.017241379310344827,0.034482758620689655,0.05172413793103448,0,0.06896551724137931,0.017241379310344827,0.017241379310344827,0,0.06896551724137931,0,4
2020-12-14,Psychiatrie St. Gallen Nord,77,0,0.05063291139240506,0.06329113924050633,0.012658227848101266,0.10126582278481013,0.02531645569620253,0.02531645569620253,0,0.08860759493670886,0,4
2020-12-14,Psychiatrie-Zentrum Linthgebiet,17,0.058823529411764705,0.058823529411764705,0.058823529411764705,0.058823529411764705,0.058823529411764705,0.058823529411764705,0.058823529411764705,0,0.058823529411764705,0,2
2020-12-14,Psychiatrie-Zentrum Rheintal,21,0,0.09523809523809523,0.09523809523809523,0.047619047619047616,0.19047619047619047,0.09523809523809523,0,0,0.14285714285714285,0,3
2020-12-14,Psychiatrie-Zentrum Werdenberg Sarganserland,30,0.03225806451612903,0.03225806451612903,0.03225806451612903,0,0.03225806451612903,0.06451612903225806,0.03225806451612903,0.03225806451612903,0.0967741935483871,1,4
2020-12-14,Rehaklinik Zihlschlacht,108,0.008928571428571428,0.0625,0.03571428571428571,0.017857142857142856,0.08035714285714286,0.044642857142857144,0.017857142857142856,0.017857142857142856,0.10714285714285714,2,22
2020-12-14,SRFT Wattwil,43,0.023255813953488372,0.06976744186046512,0.09302325581395349,0.06976744186046512,0.11627906976744186,0.09302325581395349,0.09302325581395349,0.046511627906976744,0.18604651162790697,2,6
2020-12-14,SRFT Wil,86,0.011363636363636364,0.07954545454545454,0.125,0.022727272727272728,0.11363636363636363,0.09090909090909091,0.056818181818181816,0.09090909090909091,0.17045454545454544,8,16
2020-12-14,SRRWS Altstätten,76,0,0.05063291139240506,0.05063291139240506,0.012658227848101266,0.10126582278481013,0.0379746835443038,0.05063291139240506,0.05063291139240506,0.08860759493670886,4,8
2020-12-14,SRRWS Grabs,217,0,0.043859649122807015,0.043859649122807015,0,0.06578947368421052,0.02631578947368421,0.008771929824561403,0.021929824561403508,0.07017543859649122,5,17
2020-12-14,SRRWS Walenstadt,75,0.012658227848101266,0.06329113924050633,0.06329113924050633,0,0.0759493670886076,0.0379746835443038,0.012658227848101266,0,0.08860759493670886,0,5
2020-12-14,STGAG Frauenfeld,117,0.02459016393442623,0.01639344262295082,0.03278688524590164,0,0.040983606557377046,0.04918032786885246,0.03278688524590164,0.03278688524590164,0.06557377049180328,4,7
2020-12-14,STGAG Münsterlingen,124,0.022058823529411766,0.029411764705882353,0.0661764705882353,0.03676470588235294,0.08823529411764706,0.051470588235294115,0.03676470588235294,0.014705882352941176,0.08088235294117647,2,9
2020-12-21,Blutspende SRK Ostschweiz,21,0,0,0,0,0.045454545454545456,0,0.045454545454545456,0,0.045454545454545456,0,0
2020-12-21,Clienia Littenheid AG,129,0.007575757575757576,0.015151515151515152,0.007575757575757576,0,0.03787878787878788,0.045454545454545456,0,0.007575757575757576,0.022727272727272728,1,9
2020-12-21,Geriatrische Klinik St. Gallen,88,0,0.06818181818181818,0.045454545454545456,0.011363636363636364,0.07954545454545454,0.03409090909090909,0.022727272727272728,0.022727272727272728,0.11363636363636363,2,6
2020-12-21,Hirslanden Zürich,257,0.007380073800738007,0.05166051660516605,0.05904059040590406,0.007380073800738007,0.06273062730627306,0.02214022140221402,0.0036900369003690036,0.01107011070110701,0.09225092250922509,3,19
2020-12-21,Kantonsspital Baden,595,0.004761904761904762,0.05555555555555555,0.03492063492063492,0.011111111111111112,0.05714285714285714,0.03333333333333333,0.006349206349206349,0.009523809523809525,0.07301587301587302,6,47
2020-12-21,Klinik im Park,47,0,0.020833333333333332,0.020833333333333332,,0.020833333333333332,0,0,0,0.020833333333333332,0,9
2020-12-21,Klinik St. Priminsberg,78,0,0.0379746835443038,0.02531645569620253,0,0.05063291139240506,0.012658227848101266,0,0,0.05063291139240506,0,4
2020-12-21,Klinik Stephanshorn,104,0,0.10377358490566038,0.0660377358490566,0.009433962264150943,0.10377358490566038,0.03773584905660377,0.018867924528301886,0.018867924528301886,0.11320754716981132,2,11
2020-12-21,KSSG Flawil,77,0,0.05194805194805195,0.06493506493506493,0,0.06493506493506493,0.025974025974025976,0.03896103896103896,0.025974025974025976,0.09090909090909091,2,8
2020-12-21,KSSG Rorschach,69,0.0273972602739726,0.0821917808219178,0.0958904109589041,0,0.1232876712328767,0.0958904109589041,0.0547945205479452,0.0547945205479452,0.136986301369863,4,13
2020-12-21,KSSG St. Gallen,879,0.018722466960352423,0.0671806167400881,0.0671806167400881,0.01762114537444934,0.11123348017621146,0.04955947136563876,0.028634361233480177,0.015418502202643172,0.11894273127753303,14,89
2020-12-21,Ostschweizer Kinderspital,56,,0.03508771929824561,0.05263157894736842,0.017543859649122806,0.017543859649122806,0.03508771929824561,0,0.03508771929824561,0.05263157894736842,2,4
2020-12-21,Psychiatrie St. Gallen Nord,67,0,0.04477611940298507,0.04477611940298507,0,0.07462686567164178,0.014925373134328358,0.014925373134328358,0,0.05970149253731343,0,5
2020-12-21,Psychiatrie-Zentrum Linthgebiet,17,0,0.05555555555555555,0.05555555555555555,0.05555555555555555,0.16666666666666666,0.05555555555555555,0.05555555555555555,0,0.1111111111111111,0,0
2020-12-21,Psychiatrie-Zentrum Rheintal,18,0,0.05555555555555555,0.05555555555555555,0,0.05555555555555555,0,0,0,0.1111111111111111,0,3
2020-12-21,Psychiatrie-Zentrum Werdenberg Sarganserland,25,0,0,0.038461538461538464,0,0,0,0,0,0.038461538461538464,0,1
2020-12-21,Rehaklinik Zihlschlacht,109,0,0.017699115044247787,0.02654867256637168,0,0.017699115044247787,0.008849557522123894,0.017699115044247787,0.008849557522123894,0.04424778761061947,1,20
2020-12-21,SRFT Wattwil,34,,0.05555555555555555,0.05555555555555555,0.05555555555555555,0.05555555555555555,0.08333333333333333,0.027777777777777776,0.027777777777777776,0.08333333333333333,1,1
2020-12-21,SRFT Wil,78,0.012345679012345678,0.06172839506172839,0.09876543209876543,0,0.12345679012345678,0.08641975308641975,0.13580246913580246,0.09876543209876543,0.1728395061728395,8,13
2020-12-21,SRRWS Altstätten,65,0,0.07462686567164178,0.07462686567164178,0.014925373134328358,0.11940298507462686,0.029850746268656716,0.014925373134328358,0.029850746268656716,0.08955223880597014,2,6
2020-12-21,SRRWS Grabs,212,0.0091324200913242,0.0639269406392694,0.0365296803652968,0.0045662100456621,0.0502283105022831,0.045662100456621,0.0136986301369863,0.0410958904109589,0.0776255707762557,9,26
2020-12-21,SRRWS Walenstadt,73,0,0.12987012987012986,0.11688311688311688,0.012987012987012988,0.1038961038961039,0.06493506493506493,0.03896103896103896,0.07792207792207792,0.18181818181818182,6,11
2020-12-21,STGAG Frauenfeld,118,0.01652892561983471,0.04132231404958678,0.05785123966942149,0.008264462809917356,0.10743801652892562,0.06611570247933884,0.049586776859504134,0.024793388429752067,0.10743801652892562,3,11
2020-12-21,STGAG Münsterlingen,110,0.007518796992481203,0.03759398496240601,0.03759398496240601,0.015037593984962405,0.06766917293233082,0.03007518796992481,0.007518796992481203,0,0.06766917293233082,0,11
2020-12-28,Blutspende SRK Ostschweiz,22,,0.043478260869565216,0,0,0.043478260869565216,0,0,0,0.043478260869565216,0,1
2020-12-28,Clienia Littenheid AG,129,0.007407407407407408,0.022222222222222223,0.007407407407407408,0,0.044444444444444446,0.022222222222222223,0,0,0.02962962962962963,0,9
2020-12-28,Geriatrische Klinik St. Gallen,74,,0.025974025974025976,0.012987012987012988,0,0.03896103896103896,0,0,0,0.025974025974025976,0,1
2020-12-28,Hirslanden Zürich,239,0.003937007874015748,0.05511811023622047,0.06299212598425197,0.011811023622047244,0.07086614173228346,0.027559055118110236,0.01968503937007874,0.007874015748031496,0.10236220472440945,2,32
2020-12-28,Kantonsspital Baden,577,0.006557377049180328,0.04590163934426229,0.04426229508196721,0.011475409836065573,0.06885245901639345,0.036065573770491806,0.01639344262295082,0.014754098360655738,0.07213114754098361,9,52
2020-12-28,Klinik im Park,48,0,0.0392156862745098,0.0392156862745098,0,0.0196078431372549,0,0,0,0.0392156862745098,0,10
2020-12-28,Klinik St. Priminsberg,60,0,0.016129032258064516,0.04838709677419355,0.016129032258064516,0.03225806451612903,0.016129032258064516,0,0.016129032258064516,0.08064516129032258,1,4
2020-12-28,Klinik Stephanshorn,95,0,0.020618556701030927,0.041237113402061855,0,0.061855670103092786,0.020618556701030927,0.010309278350515464,0,0.05154639175257732,0,6
2020-12-28,KSSG Flawil,70,0,0.09722222222222222,0.06944444444444445,0.013888888888888888,0.09722222222222222,0.013888888888888888,0.013888888888888888,0.041666666666666664,0.125,3,10
2020-12-28,KSSG Rorschach,66,0.014084507042253521,0.08450704225352113,0.11267605633802817,0.014084507042253521,0.07042253521126761,0.08450704225352113,0.028169014084507043,0.028169014084507043,0.1267605633802817,2,7
2020-12-28,KSSG St. Gallen,804,0.0047789725209080045,0.06451612903225806,0.053763440860215055,0.007168458781362007,0.08124253285543608,0.04181600955794504,0.015531660692951015,0.011947431302270013,0.1003584229390681,10,80
2020-12-28,Ostschweizer Kinderspital,50,0,0.04,0.02,0,0.04,0.02,0.02,0,0.08,0,5
2020-12-28,Psychiatrie St. Gallen Nord,65,0,0.014492753623188406,0.028985507246376812,0.014492753623188406,0.057971014492753624,0.014492753623188406,0.028985507246376812,0.028985507246376812,0.028985507246376812,2,8
2020-12-28,Psychiatrie-Zentrum Linthgebiet,14,,0.13333333333333333,0.06666666666666667,0.06666666666666667,0.13333333333333333,0.06666666666666667,0.06666666666666667,0,0.13333333333333333,0,1
2020-12-28,Psychiatrie-Zentrum Rheintal,17,0,0.05263157894736842,0,0,0,0,0,0,0.05263157894736842,0,1
2020-12-28,Psychiatrie-Zentrum Werdenberg Sarganserland,21,0,0.045454545454545456,0.045454545454545456,0,0.045454545454545456,0.045454545454545456,0,0,0.045454545454545456,0,0
2020-12-28,Rehaklinik Zihlschlacht,101,0.009433962264150943,0.009433962264150943,0.03773584905660377,0.009433962264150943,0.02830188679245283,0.02830188679245283,0.009433962264150943,0,0.05660377358490566,0,13
2020-12-28,SRFT Wattwil,39,0,0.06818181818181818,0.022727272727272728,0,0.11363636363636363,0.022727272727272728,0,0,0.09090909090909091,0,2
2020-12-28,SRFT Wil,67,0,0.057971014492753624,0.10144927536231885,0.028985507246376812,0.10144927536231885,0.043478260869565216,0.057971014492753624,0.028985507246376812,0.13043478260869565,2,6
2020-12-28,SRRWS Altstätten,55,0,0.05357142857142857,0.05357142857142857,0.03571428571428571,0.07142857142857142,0.07142857142857142,0.017857142857142856,0.03571428571428571,0.10714285714285714,2,8
2020-12-28,SRRWS Grabs,188,0,0.06598984771573604,0.04568527918781726,0.005076142131979695,0.07614213197969544,0.05583756345177665,0.025380710659898477,0.030456852791878174,0.08629441624365482,6,22
2020-12-28,SRRWS Walenstadt,62,0.046153846153846156,0.1076923076923077,0.07692307692307693,0,0.12307692307692308,0.07692307692307693,0.09230769230769231,0.09230769230769231,0.18461538461538463,6,11
2020-12-28,STGAG Frauenfeld,119,0.00819672131147541,0.04918032786885246,0.05737704918032787,0.01639344262295082,0.09016393442622951,0.03278688524590164,0.03278688524590164,0.01639344262295082,0.13114754098360656,2,17
2020-12-28,STGAG Münsterlingen,124,0.007042253521126761,0.06338028169014084,0.028169014084507043,0.007042253521126761,0.09154929577464789,0.035211267605633804,0.02112676056338028,0,0.1056338028169014,0,15
2021-01-04,Blutspende SRK Ostschweiz,17,,,,,,,,0,,0,0
2021-01-04,Clienia Littenheid AG,110,0,0.04424778761061947,0.04424778761061947,0.008849557522123894,0.061946902654867256,0.04424778761061947,0.008849557522123894,0.008849557522123894,0.07079646017699115,1,7
2021-01-04,Geriatrische Klinik St. Gallen,76,0,0.12345679012345678,0.08641975308641975,0.024691358024691357,0.14814814814814814,0.1111111111111111,0.06172839506172839,0.1111111111111111,0.1728395061728395,9,14
2021-01-04,Hirslanden Zürich,235,0.0040650406504065045,0.04065040650406504,0.04065040650406504,0.008130081300813009,0.04878048780487805,0.02032520325203252,0.0040650406504065045,0.008130081300813009,0.06504065040650407,2,13
2021-01-04,Kantonsspital Baden,507,0.0037174721189591076,0.03531598513011153,0.031598513011152414,0.0018587360594795538,0.06505576208178439,0.026022304832713755,0.016728624535315983,0.00929368029739777,0.05762081784386617,5,29
2021-01-04,Klinik im Park,37,0,0,0.02631578947368421,0,0,0.02631578947368421,0,0,0.02631578947368421,0,2
2021-01-04,Klinik St. Priminsberg,67,,,,,,,,0,,0,1
2021-01-04,Klinik Stephanshorn,74,0.013513513513513514,0.06756756756756757,0.05405405405405406,0,0.08108108108108109,0.05405405405405406,0.04054054054054054,0.02702702702702703,0.10810810810810811,2,4
2021-01-04,KSSG Flawil,66,0,0.05970149253731343,0.05970149253731343,0,0.07462686567164178,0.1044776119402985,0,0.04477611940298507,0.1044776119402985,3,5
2021-01-04,KSSG Rorschach,52,0,0.03773584905660377,0.03773584905660377,0.03773584905660377,0.09433962264150944,0.07547169811320754,0.018867924528301886,0,0.09433962264150944,0,5
2021-01-04,KSSG St. Gallen,790,0.009433962264150943,0.054245283018867926,0.055424528301886794,0.012971698113207548,0.07075471698113207,0.027122641509433963,0.012971698113207548,0.009433962264150943,0.08608490566037735,8,45
2021-01-04,Ostschweizer Kinderspital,47,0,0.038461538461538464,0.038461538461538464,0,0.057692307692307696,0.019230769230769232,0.038461538461538464,0.019230769230769232,0.07692307692307693,1,2
2021-01-04,Psychiatrie St. Gallen Nord,63,0,0.028985507246376812,0.043478260869565216,0,0.043478260869565216,0.043478260869565216,0.014492753623188406,0.014492753623188406,0.057971014492753624,1,8
2021-01-04,Psychiatrie-Zentrum Linthgebiet,12,,,,,,,,0,,0,1
2021-01-04,Psychiatrie-Zentrum Rheintal,17,0,0,0.05555555555555555,0,0.1111111111111111,0.05555555555555555,0,0,0.05555555555555555,0,0
2021-01-04,Psychiatrie-Zentrum Werdenberg Sarganserland,24,,,,,,,,0,,0,0
2021-01-04,Rehaklinik Zihlschlacht,84,0,0.03488372093023256,0.011627906976744186,0.011627906976744186,0.046511627906976744,0.023255813953488372,0.011627906976744186,0,0.03488372093023256,0,6
2021-01-04,SRFT Wattwil,27,,0.034482758620689655,0.034482758620689655,0,0,0.034482758620689655,0.034482758620689655,0.034482758620689655,0.034482758620689655,1,2
2021-01-04,SRFT Wil,49,0,0,0.04,0,0.02,0,0.04,0,0.04,0,1
2021-01-04,SRRWS Altstätten,49,0,0.057692307692307696,0.038461538461538464,0,0.09615384615384616,0.038461538461538464,0.019230769230769232,0.019230769230769232,0.07692307692307693,1,2
2021-01-04,SRRWS Grabs,177,0,0.053475935828877004,0.06951871657754011,0.0053475935828877,0.0962566844919786,0.058823529411764705,0.0374331550802139,0.0481283422459893,0.0855614973262032,9,19
2021-01-04,SRRWS Walenstadt,61,0,0.09375,0.03125,0,0.046875,0.015625,0,0,0.109375,0,2
2021-01-04,STGAG Frauenfeld,94,0.010309278350515464,0.020618556701030927,0.041237113402061855,0,0.041237113402061855,0.020618556701030927,0.010309278350515464,0.010309278350515464,0.061855670103092786,1,5
2021-01-04,STGAG Münsterlingen,105,0,0.05084745762711865,0.05084745762711865,0.00847457627118644,0.0847457627118644,0.00847457627118644,0.01694915254237288,0,0.0847457627118644,0,9
